--CLIENTES
insert into Clientes (documento, nombre, vinculo) values (1, 'Faina Bennetts', 'Evento');
insert into Clientes (documento, nombre, vinculo) values (2, 'Eduino Serrier', 'Empleado');
insert into Clientes (documento, nombre, vinculo) values (3, 'Nari Furzey', 'Empleado');
insert into Clientes (documento, nombre, vinculo) values (4, 'Conrade Coombes', 'Evento');
insert into Clientes (documento, nombre, vinculo) values (5, 'Chickie Ivanyukov', 'Profesor');
insert into Clientes (documento, nombre, vinculo) values (6, 'Rebeka Rigg', 'Empleado');
insert into Clientes (documento, nombre, vinculo) values (7, 'Kizzie Joscelyn', 'Estudiante');
insert into Clientes (documento, nombre, vinculo) values (8, 'Ronda Knott', 'Egresado');
insert into Clientes (documento, nombre, vinculo) values (9, 'Reine Juhruke', 'Egresado');
insert into Clientes (documento, nombre, vinculo) values (10, 'Helene Coupland', 'Evento');
insert into Clientes (documento, nombre, vinculo) values (11, 'Grazia Bruster', 'Egresado');
insert into Clientes (documento, nombre, vinculo) values (12, 'Letisha Lascell', 'Profesor');
insert into Clientes (documento, nombre, vinculo) values (13, 'Rosemonde Prettyman', 'Profesor');
insert into Clientes (documento, nombre, vinculo) values (14, 'Juan Giorgietto', 'Empleado');
insert into Clientes (documento, nombre, vinculo) values (15, 'Marybeth Shea', 'Profesor');
insert into Clientes (documento, nombre, vinculo) values (16, 'Annabel Buckell', 'Profesor');
insert into Clientes (documento, nombre, vinculo) values (17, 'Morris Dipple', 'Estudiante');
insert into Clientes (documento, nombre, vinculo) values (18, 'Roberta Germain', 'Profesor invitado');
insert into Clientes (documento, nombre, vinculo) values (19, 'Derick Heersma', 'Evento');
insert into Clientes (documento, nombre, vinculo) values (20, 'Shawn Brou', 'Egresado');
insert into Clientes (documento, nombre, vinculo) values (21, 'Bambi Bovingdon', 'Profesor');
insert into Clientes (documento, nombre, vinculo) values (22, 'Gusella Shead', 'Egresado');
insert into Clientes (documento, nombre, vinculo) values (23, 'Joby Whittier', 'Evento');
insert into Clientes (documento, nombre, vinculo) values (24, 'Roxanne Rignall', 'Egresado');
insert into Clientes (documento, nombre, vinculo) values (25, 'Shannen Slyde', 'Estudiante');
insert into Clientes (documento, nombre, vinculo) values (26, 'Cad Greschke', 'Profesor');
insert into Clientes (documento, nombre, vinculo) values (27, 'Raf Draper', 'Profesor invitado');
insert into Clientes (documento, nombre, vinculo) values (28, 'Darla Beric', 'Padre');
insert into Clientes (documento, nombre, vinculo) values (29, 'Cyndy Pude', 'Empleado');
insert into Clientes (documento, nombre, vinculo) values (30, 'Shannah Johannesson', 'Egresado');

--OPERADORES
insert into Operadores (id, tipo, nombre) values (1, 'Hotel', 'Jade Plains Resort');
insert into Operadores (id, tipo, nombre) values (2, 'Persona', 'Estefania Cabal');
insert into Operadores (id, tipo, nombre) values (3, 'Vivienda Universitaria', 'Vision-oriented');
insert into Operadores (id, tipo, nombre) values (4, 'Hotel', 'Ivory Bear Hotel');
insert into Operadores (id, tipo, nombre) values (5, 'Vivienda Universitaria', 'object-oriented');
insert into Operadores (id, tipo, nombre) values (6, 'Persona', 'Joaquín Cambeiro');
insert into Operadores (id, tipo, nombre) values (7, 'Vivienda Universitaria', 'migration');
insert into Operadores (id, tipo, nombre) values (8, 'Vivienda Universitaria', 'multimedia');
insert into Operadores (id, tipo, nombre) values (9, 'Hostal', 'multi-state');
insert into Operadores (id, tipo, nombre) values (10, 'Persona', 'Jesús de la Cruz');
insert into Operadores (id, tipo, nombre) values (11, 'Hotel', 'Lunar Veil Resort');
insert into Operadores (id, tipo, nombre) values (12, 'Hotel', 'Gentle Ridge Hotel');
insert into Operadores (id, tipo, nombre) values (13, 'Hotel', 'Queens Dome Hotel');
insert into Operadores (id, tipo, nombre) values (14, 'Persona', 'Patricio Galán');
insert into Operadores (id, tipo, nombre) values (15, 'Hostal', 'Exclusive');
insert into Operadores (id, tipo, nombre) values (16, 'Persona', 'Roberto Cadaval');
insert into Operadores (id, tipo, nombre) values (17, 'Vivienda Universitaria', 'value-added');
insert into Operadores (id, tipo, nombre) values (18, 'Vivienda Universitaria', 'Function-based');
insert into Operadores (id, tipo, nombre) values (19, 'Persona', 'Felipe Cadaval');
insert into Operadores (id, tipo, nombre) values (20, 'Hotel', 'Starlight Resort');
insert into Operadores (id, tipo, nombre) values (21, 'Hostal', 'Future-proofed');
insert into Operadores (id, tipo, nombre) values (22, 'Vivienda Universitaria', 'fault-tolerant');
insert into Operadores (id, tipo, nombre) values (23, 'Vivienda Universitaria', 'system engine');
insert into Operadores (id, tipo, nombre) values (24, 'Hostal', 'eco-centric');
insert into Operadores (id, tipo, nombre) values (25, 'Vivienda Universitaria', 'contingency');
insert into Operadores (id, tipo, nombre) values (26, 'Persona', 'Thiago San Martín');
insert into Operadores (id, tipo, nombre) values (27, 'Hostal', 'Future-proofed');
insert into Operadores (id, tipo, nombre) values (28, 'Vivienda Universitaria', 'Managed');
insert into Operadores (id, tipo, nombre) values (29, 'Vivienda Universitaria', 'Right-sized');
insert into Operadores (id, tipo, nombre) values (30, 'Hostal', 'Team-oriented');

--SERVICIOS
insert into Servicios (id, nombre, descripcion, costo) values (1, 'Bañera', 'Cruickshank-Watsica', 54.64);
insert into Servicios (id, nombre, descripcion, costo) values (2, 'Servicio restaurante', 'Sipes, Donnelly and Gottlieb', 90.41);
insert into Servicios (id, nombre, descripcion, costo) values (3, 'Parqueadero', 'Yundt-Maggio', 21.43);
insert into Servicios (id, nombre, descripcion, costo) values (4, 'Cocineta', 'Wehner, Lynch and Paucek', 99.34);
insert into Servicios (id, nombre, descripcion, costo) values (5, 'Minibar', 'Graham, Frami and Anderson', 56.76);
insert into Servicios (id, nombre, descripcion, costo) values (6, 'WiFi', 'Halvorson LLC', 19.87);
insert into Servicios (id, nombre, descripcion, costo) values (7, 'TV cable', 'Mayert, Stark and Lang', 64.9);
insert into Servicios (id, nombre, descripcion, costo) values (8, 'TV satelital', 'Durgan LLC', 17.57);
insert into Servicios (id, nombre, descripcion, costo) values (9, 'Gimnasio', 'Smitham-Kautzer', 42.85);
insert into Servicios (id, nombre, descripcion, costo) values (10, 'Yacuzzi', 'Dicki, Johnson and Howell', 43.08);
insert into Servicios (id, nombre, descripcion, costo) values (11, 'Recepcion 24h', 'Terry Inc', 96.16);
insert into Servicios (id, nombre, descripcion, costo) values (12, 'Internet Incluido', 'Gibson and Sons', 0);
insert into Servicios (id, nombre, descripcion, costo) values (13, 'Desayuno incluido', 'Beahan, Friesen and Bauch', 0);
insert into Servicios (id, nombre, descripcion, costo) values (14, 'challenge', 'Cormier, Bins and Bartell', 82.48);
insert into Servicios (id, nombre, descripcion, costo) values (15, 'installation', 'Berge-Pagac', 86.07);
insert into Servicios (id, nombre, descripcion, costo) values (16, 'national', 'Shields Group', 78.61);
insert into Servicios (id, nombre, descripcion, costo) values (17, 'Team-oriented', 'Jenkins-Stroman', 89.47);
insert into Servicios (id, nombre, descripcion, costo) values (18, 'leverage', 'Larson-Lebsack', 65.8);
insert into Servicios (id, nombre, descripcion, costo) values (19, 'Adaptive', 'Walker-Fay', 6.08);
insert into Servicios (id, nombre, descripcion, costo) values (20, 'Phased', 'Watsica, Schumm and Ryan', 18.28);
insert into Servicios (id, nombre, descripcion, costo) values (21, 'Balanced', 'Willms-Wiegand', 82.53);
insert into Servicios (id, nombre, descripcion, costo) values (22, 'Quality-focused', 'Bins-Torphy', 67.59);
insert into Servicios (id, nombre, descripcion, costo) values (23, 'system engine', 'Reichel and Sons', 99.86);
insert into Servicios (id, nombre, descripcion, costo) values (24, 'core', 'Smith-Braun', 67.29);
insert into Servicios (id, nombre, descripcion, costo) values (25, 'Networked', 'Tremblay-Glover', 22.77);
insert into Servicios (id, nombre, descripcion, costo) values (26, 'Focused', 'Wisoky, Trantow and Littel', 41.03);
insert into Servicios (id, nombre, descripcion, costo) values (27, 'well-modulated', 'Spinka, Rosenbaum and Aufderhar', 78.03);
insert into Servicios (id, nombre, descripcion, costo) values (28, 'customer loyalty', 'Lakin and Sons', 9.31);
insert into Servicios (id, nombre, descripcion, costo) values (29, 'Mandatory', 'Botsford-Hessel', 27.54);
insert into Servicios (id, nombre, descripcion, costo) values (30, 'real-time', 'Schoen and Sons', 41.95);

--Alojamientos
insert into Alojamientos (id, tipo, nombre, ubicacion, descripcion, costo, minimoPeriodo) values (1, 'Vivienda', 'dreis0', 'Plaza', 'conglomeration', 59.13, 30);
insert into Alojamientos (id, tipo, nombre, ubicacion, descripcion, costo, minimoPeriodo) values (2, 'HabitacionVivienda', 'jkilalea1', 'Alley', 'clear-thinking', 45.12, 1);
insert into Alojamientos (id, tipo, nombre, ubicacion, descripcion, costo, minimoPeriodo) values (3, 'Apartamento', 'kbakeup2', 'Avenue', 'Front-line', 10.99, 30);
insert into Alojamientos (id, tipo, nombre, ubicacion, descripcion, costo, minimoPeriodo) values (4, 'HabitacionVivienda', 'smcgettigan3', 'Trail', 'functionalities', 89.66, 30);
insert into Alojamientos (id, tipo, nombre, ubicacion, descripcion, costo, minimoPeriodo) values (5, 'HabitacionUniversitaria', 'jhowlings4', 'Alley', 'Grass-roots', 66.73, 180);
insert into Alojamientos (id, tipo, nombre, ubicacion, descripcion, costo, minimoPeriodo) values (6, 'HabitacionVivienda', 'egreenrod5', 'Lane', 'Multi-tiered', 59.09, 180);
insert into Alojamientos (id, tipo, nombre, ubicacion, descripcion, costo, minimoPeriodo) values (7, 'HabitacionHotel', 'bsurphliss6', 'Court', 'hub', 60.31, 180);
insert into Alojamientos (id, tipo, nombre, ubicacion, descripcion, costo, minimoPeriodo) values (8, 'Apartamento', 'gburchfield7', 'Junction', 'definition', 21.64, 180);
insert into Alojamientos (id, tipo, nombre, ubicacion, descripcion, costo, minimoPeriodo) values (9, 'HabitacionVivienda', 'nhardage8', 'Hill', 'user-facing', 63.62, 30);
insert into Alojamientos (id, tipo, nombre, ubicacion, descripcion, costo, minimoPeriodo) values (10, 'HabitacionHotel', 'joddy9', 'Place', 'product', 36.09, 180);
insert into Alojamientos (id, tipo, nombre, ubicacion, descripcion, costo, minimoPeriodo) values (11, 'HabitacionUniversitaria', 'mbrooksbiea', 'Drive', 'Proactive', 91.13, 180);
insert into Alojamientos (id, tipo, nombre, ubicacion, descripcion, costo, minimoPeriodo) values (12, 'HabitacionUniversitaria', 'tatyeab', 'Circle', 'hub', 24.67, 30);
insert into Alojamientos (id, tipo, nombre, ubicacion, descripcion, costo, minimoPeriodo) values (13, 'HabitacionHostal', 'lkrzyzowskic', 'Alley', 'needs-based', 81.9, 1);
insert into Alojamientos (id, tipo, nombre, ubicacion, descripcion, costo, minimoPeriodo) values (14, 'HabitacionUniversitaria', 'amettricked', 'Parkway', 'Monitored', 31.79, 1);
insert into Alojamientos (id, tipo, nombre, ubicacion, descripcion, costo, minimoPeriodo) values (15, 'HabitacionHostal', 'hbreee', 'Hill', 'Compatible', 87.66, 1);
insert into Alojamientos (id, tipo, nombre, ubicacion, descripcion, costo, minimoPeriodo) values (16, 'HabitacionUniversitaria', 'kmasseof', 'Pass', 'reciprocal', 2.15, 30);
insert into Alojamientos (id, tipo, nombre, ubicacion, descripcion, costo, minimoPeriodo) values (17, 'HabitacionHostal', 'jferng', 'Plaza', 'dedicated', 53.85, 1);
insert into Alojamientos (id, tipo, nombre, ubicacion, descripcion, costo, minimoPeriodo) values (18, 'HabitacionUniversitaria', 'manthoneyh', 'Pass', 'dedicated', 4.27, 180);
insert into Alojamientos (id, tipo, nombre, ubicacion, descripcion, costo, minimoPeriodo) values (19, 'Vivienda', 'qdebankei', 'Pass', 'zero defect', 15.81, 30);
insert into Alojamientos (id, tipo, nombre, ubicacion, descripcion, costo, minimoPeriodo) values (20, 'Vivienda', 'lvowlesj', 'Parkway', 'neutral', 23.95, 1);
insert into Alojamientos (id, tipo, nombre, ubicacion, descripcion, costo, minimoPeriodo) values (21, 'Vivienda', 'sbyartk', 'Pass', 'intranet', 85.85, 30);
insert into Alojamientos (id, tipo, nombre, ubicacion, descripcion, costo, minimoPeriodo) values (22, 'HabitacionVivienda', 'eharkinsl', 'Crossing', 'paradigm', 74.01, 30);
insert into Alojamientos (id, tipo, nombre, ubicacion, descripcion, costo, minimoPeriodo) values (23, 'HabitacionVivienda', 'cmcgarvam', 'Center', 'Enhanced', 54.77, 1);
insert into Alojamientos (id, tipo, nombre, ubicacion, descripcion, costo, minimoPeriodo) values (24, 'HabitacionUniversitaria', 'dvasilmanovn', 'Terrace', 'Fundamental', 93.51, 30);
insert into Alojamientos (id, tipo, nombre, ubicacion, descripcion, costo, minimoPeriodo) values (25, 'HabitacionVivienda', 'rcowdeno', 'Crossing', 'installation', 96.68, 1);
insert into Alojamientos (id, tipo, nombre, ubicacion, descripcion, costo, minimoPeriodo) values (26, 'Apartamento', 'amalecp', 'Plaza', 'background', 18.39, 30);
insert into Alojamientos (id, tipo, nombre, ubicacion, descripcion, costo, minimoPeriodo) values (27, 'HabitacionUniversitaria', 'vpawnsfordq', 'Hill', 'system engine', 92.02, 180);
insert into Alojamientos (id, tipo, nombre, ubicacion, descripcion, costo, minimoPeriodo) values (28, 'HabitacionHotel', 'zmossonr', 'Terrace', 'firmware', 16.32, 180);
insert into Alojamientos (id, tipo, nombre, ubicacion, descripcion, costo, minimoPeriodo) values (29, 'HabitacionVivienda', 'dkulls', 'Terrace', 'Progressive', 14.06, 1);
insert into Alojamientos (id, tipo, nombre, ubicacion, descripcion, costo, minimoPeriodo) values (30, 'Vivienda', 'tpendryt', 'Court', 'Open-architected', 14.78, 180);
insert into Alojamientos (id, tipo, nombre, ubicacion, descripcion, costo, MinimoPeriodo) values (31, 'HabitacionHostal', 'exuding', 'Lane', 'Aimbu', 84.13, 30);
insert into Alojamientos (id, tipo, nombre, ubicacion, descripcion, costo, MinimoPeriodo) values (32, 'HabitacionVivienda', 'Operative', 'Street', 'Jaxnation', 11.8, 280);
insert into Alojamientos (id, tipo, nombre, ubicacion, descripcion, costo, MinimoPeriodo) values (33, 'HabitacionUniversitaria', 'Automated', 'Point', 'Zooveo', 48.87, 1);
insert into Alojamientos (id, tipo, nombre, ubicacion, descripcion, costo, MinimoPeriodo) values (34, 'Vivienda', 'extranet', 'Plaza', 'Jabbersphere', 73.72, 60);
insert into Alojamientos (id, tipo, nombre, ubicacion, descripcion, costo, MinimoPeriodo) values (35, 'HabitacionVivienda', 'Graphical User Interface', 'Court', 'Kimia', 38.61, 280);
insert into Alojamientos (id, tipo, nombre, ubicacion, descripcion, costo, MinimoPeriodo) values (36, 'Apartamento', 'hierarchy', 'Avenue', 'Wikibox', 24.66, 60);
insert into Alojamientos (id, tipo, nombre, ubicacion, descripcion, costo, MinimoPeriodo) values (37, 'HabitacionHostal', 'Automated', 'Crossing', 'Roombo', 50.8, 60);
insert into Alojamientos (id, tipo, nombre, ubicacion, descripcion, costo, MinimoPeriodo) values (38, 'Vivienda', 'Optional', 'Drive', 'Gabtune', 54.61, 30);
insert into Alojamientos (id, tipo, nombre, ubicacion, descripcion, costo, MinimoPeriodo) values (39, 'HabitacionVivienda', 'architecture', 'Crossing', 'Topicstorm', 33.83, 30);
insert into Alojamientos (id, tipo, nombre, ubicacion, descripcion, costo, MinimoPeriodo) values (40, 'Vivienda', 'flexibility', 'Terrace', 'Youfeed', 59.12, 280);
insert into Alojamientos (id, tipo, nombre, ubicacion, descripcion, costo, MinimoPeriodo) values (41, 'HabitacionUniversitaria', 'contextually-based', 'Crossing', 'Gigabox', 44.47, 30);
insert into Alojamientos (id, tipo, nombre, ubicacion, descripcion, costo, MinimoPeriodo) values (42, 'HabitacionVivienda', 'upward-trending', 'Terrace', 'Jaxworks', 34.3, 60);
insert into Alojamientos (id, tipo, nombre, ubicacion, descripcion, costo, MinimoPeriodo) values (43, 'Vivienda', 'encoding', 'Hill', 'Skyble', 44.87, 280);
insert into Alojamientos (id, tipo, nombre, ubicacion, descripcion, costo, MinimoPeriodo) values (44, 'Apartamento', 'moratorium', 'Pass', 'Gabtype', 48.22, 60);
insert into Alojamientos (id, tipo, nombre, ubicacion, descripcion, costo, MinimoPeriodo) values (45, 'HabitacionHotel', 'composite', 'Lane', 'Photobug', 53.75, 280);
insert into Alojamientos (id, tipo, nombre, ubicacion, descripcion, costo, MinimoPeriodo) values (46, 'HabitacionVivienda', 'logistical', 'Court', 'Tagtune', 6.53, 60);
insert into Alojamientos (id, tipo, nombre, ubicacion, descripcion, costo, MinimoPeriodo) values (47, 'HabitacionVivienda', 'productivity', 'Crossing', 'Tazzy', 15.36, 1);
insert into Alojamientos (id, tipo, nombre, ubicacion, descripcion, costo, MinimoPeriodo) values (48, 'HabitacionUniversitaria', 'Optimized', 'Drive', 'Tagcat', 94.85, 30);
insert into Alojamientos (id, tipo, nombre, ubicacion, descripcion, costo, MinimoPeriodo) values (49, 'HabitacionVivienda', 'Object-based', 'Parkway', 'Lazzy', 1.71, 60);
insert into Alojamientos (id, tipo, nombre, ubicacion, descripcion, costo, MinimoPeriodo) values (50, 'Vivienda', '24/7', 'Avenue', 'Oyoloo', 26.74, 30);
insert into Alojamientos (id, tipo, nombre, ubicacion, descripcion, costo, MinimoPeriodo) values (51, 'HabitacionVivienda', '4th generation', 'Parkway', 'Yamia', 37.62, 60);
insert into Alojamientos (id, tipo, nombre, ubicacion, descripcion, costo, MinimoPeriodo) values (52, 'HabitacionUniversitaria', 'Open-source', 'Terrace', 'Oozz', 16.72, 30);
insert into Alojamientos (id, tipo, nombre, ubicacion, descripcion, costo, MinimoPeriodo) values (53, 'HabitacionUniversitaria', 'human-resource', 'Trail', 'Aibox', 27.41, 280);
insert into Alojamientos (id, tipo, nombre, ubicacion, descripcion, costo, MinimoPeriodo) values (54, 'Vivienda', 'needs-based', 'Place', 'Feedfish', 58.16, 280);
insert into Alojamientos (id, tipo, nombre, ubicacion, descripcion, costo, MinimoPeriodo) values (55, 'HabitacionUniversitaria', 'well-modulated', 'Trail', 'Dablist', 75.34, 60);
insert into Alojamientos (id, tipo, nombre, ubicacion, descripcion, costo, MinimoPeriodo) values (56, 'Vivienda', 'real-time', 'Terrace', 'Wikizz', 44.69, 60);
insert into Alojamientos (id, tipo, nombre, ubicacion, descripcion, costo, MinimoPeriodo) values (57, 'HabitacionHostal', 'bifurcated', 'Road', 'Photobean', 90.71, 30);
insert into Alojamientos (id, tipo, nombre, ubicacion, descripcion, costo, MinimoPeriodo) values (58, 'HabitacionUniversitaria', 'hub', 'Point', 'Meeveo', 39.24, 60);
insert into Alojamientos (id, tipo, nombre, ubicacion, descripcion, costo, MinimoPeriodo) values (59, 'HabitacionVivienda', 'Self-enabling', 'Trail', 'Yombu', 75.58, 280);
insert into Alojamientos (id, tipo, nombre, ubicacion, descripcion, costo, MinimoPeriodo) values (60, 'Apartamento', 'Innovative', 'Lane', 'Oozz', 68.54, 60);
insert into Alojamientos (id, tipo, nombre, ubicacion, descripcion, costo, MinimoPeriodo) values (61, 'HabitacionVivienda', 'Sharable', 'Place', 'Aimbu', 13.4, 280);
insert into Alojamientos (id, tipo, nombre, ubicacion, descripcion, costo, MinimoPeriodo) values (62, 'HabitacionHostal', 'Visionary', 'Alley', 'Latz', 14.83, 280);
insert into Alojamientos (id, tipo, nombre, ubicacion, descripcion, costo, MinimoPeriodo) values (63, 'HabitacionHotel', 'intermediate', 'Park', 'Linklinks', 16.14, 30);
insert into Alojamientos (id, tipo, nombre, ubicacion, descripcion, costo, MinimoPeriodo) values (64, 'HabitacionHotel', 'national', 'Lane', 'Jabbercube', 83.45, 1);
insert into Alojamientos (id, tipo, nombre, ubicacion, descripcion, costo, MinimoPeriodo) values (65, 'HabitacionVivienda', 'complexity', 'Center', 'Dynabox', 59.24, 280);
insert into Alojamientos (id, tipo, nombre, ubicacion, descripcion, costo, MinimoPeriodo) values (66, 'Apartamento', 'local', 'Center', 'Wikizz', 94.96, 60);
insert into Alojamientos (id, tipo, nombre, ubicacion, descripcion, costo, MinimoPeriodo) values (67, 'HabitacionVivienda', 'foreground', 'Point', 'Pixonyx', 41.15, 1);
insert into Alojamientos (id, tipo, nombre, ubicacion, descripcion, costo, MinimoPeriodo) values (68, 'HabitacionHostal', 'high-level', 'Avenue', 'Flipstorm', 80.0, 280);
insert into Alojamientos (id, tipo, nombre, ubicacion, descripcion, costo, MinimoPeriodo) values (69, 'Vivienda', 'Robust', 'Circle', 'Quimm', 44.24, 60);
insert into Alojamientos (id, tipo, nombre, ubicacion, descripcion, costo, MinimoPeriodo) values (70, 'Vivienda', 'Reduced', 'Junction', 'Realfire', 39.28, 1);
insert into Alojamientos (id, tipo, nombre, ubicacion, descripcion, costo, MinimoPeriodo) values (71, 'Apartamento', 'discrete', 'Drive', 'Brainlounge', 7.61, 280);
insert into Alojamientos (id, tipo, nombre, ubicacion, descripcion, costo, MinimoPeriodo) values (72, 'HabitacionHotel', 'Fundamental', 'Circle', 'Fiveclub', 93.13, 1);
insert into Alojamientos (id, tipo, nombre, ubicacion, descripcion, costo, MinimoPeriodo) values (73, 'HabitacionHostal', 'contextually-based', 'Road', 'Gigashots', 85.24, 30);
insert into Alojamientos (id, tipo, nombre, ubicacion, descripcion, costo, MinimoPeriodo) values (74, 'HabitacionVivienda', 'Assimilated', 'Trail', 'Muxo', 40.81, 30);
insert into Alojamientos (id, tipo, nombre, ubicacion, descripcion, costo, MinimoPeriodo) values (75, 'Vivienda', 'Intuitive', 'Alley', 'Zoomdog', 59.28, 60);
insert into Alojamientos (id, tipo, nombre, ubicacion, descripcion, costo, MinimoPeriodo) values (76, 'HabitacionUniversitaria', 'product', 'Street', 'Feedspan', 26.26, 60);
insert into Alojamientos (id, tipo, nombre, ubicacion, descripcion, costo, MinimoPeriodo) values (77, 'Apartamento', 'User-centric', 'Way', 'Realpoint', 50.81, 280);
insert into Alojamientos (id, tipo, nombre, ubicacion, descripcion, costo, MinimoPeriodo) values (78, 'HabitacionHostal', 'Balanced', 'Trail', 'Devify', 14.44, 30);
insert into Alojamientos (id, tipo, nombre, ubicacion, descripcion, costo, MinimoPeriodo) values (79, 'HabitacionHotel', 'access', 'Court', 'Gabtune', 23.05, 30);
insert into Alojamientos (id, tipo, nombre, ubicacion, descripcion, costo, MinimoPeriodo) values (80, 'Apartamento', 'Focused', 'Circle', 'Leenti', 5.08, 60);
insert into Alojamientos (id, tipo, nombre, ubicacion, descripcion, costo, MinimoPeriodo) values (81, 'HabitacionVivienda', 'Networked', 'Lane', 'Oodoo', 55.96, 280);
insert into Alojamientos (id, tipo, nombre, ubicacion, descripcion, costo, MinimoPeriodo) values (82, 'HabitacionVivienda', 'Upgradable', 'Hill', 'Brainsphere', 32.45, 30);
insert into Alojamientos (id, tipo, nombre, ubicacion, descripcion, costo, MinimoPeriodo) values (83, 'HabitacionHostal', 'Face to face', 'Plaza', 'Skimia', 40.09, 280);
insert into Alojamientos (id, tipo, nombre, ubicacion, descripcion, costo, MinimoPeriodo) values (84, 'HabitacionVivienda', 'motivating', 'Center', 'Brainlounge', 5.54, 60);
insert into Alojamientos (id, tipo, nombre, ubicacion, descripcion, costo, MinimoPeriodo) values (85, 'HabitacionVivienda', 'actuating', 'Pass', 'Meevee', 91.5, 60);
insert into Alojamientos (id, tipo, nombre, ubicacion, descripcion, costo, MinimoPeriodo) values (86, 'Apartamento', 'Synchronised', 'Pass', 'InnoZ', 78.84, 280);
insert into Alojamientos (id, tipo, nombre, ubicacion, descripcion, costo, MinimoPeriodo) values (87, 'HabitacionHostal', 'Synchronised', 'Way', 'Realfire', 53.89, 1);
insert into Alojamientos (id, tipo, nombre, ubicacion, descripcion, costo, MinimoPeriodo) values (88, 'HabitacionUniversitaria', 'transitional', 'Court', 'Brainsphere', 1.74, 280);
insert into Alojamientos (id, tipo, nombre, ubicacion, descripcion, costo, MinimoPeriodo) values (89, 'HabitacionVivienda', 'Profit-focused', 'Court', 'Teklist', 58.42, 60);
insert into Alojamientos (id, tipo, nombre, ubicacion, descripcion, costo, MinimoPeriodo) values (90, 'HabitacionUniversitaria', 'intranet', 'Point', 'Brainlounge', 81.57, 1);
insert into Alojamientos (id, tipo, nombre, ubicacion, descripcion, costo, MinimoPeriodo) values (91, 'Vivienda', 'well-modulated', 'Street', 'Browsetype', 83.35, 60);
insert into Alojamientos (id, tipo, nombre, ubicacion, descripcion, costo, MinimoPeriodo) values (92, 'HabitacionHotel', 'Polarised', 'Drive', 'Zoomlounge', 88.44, 280);
insert into Alojamientos (id, tipo, nombre, ubicacion, descripcion, costo, MinimoPeriodo) values (93, 'Apartamento', 'Networked', 'Street', 'Feednation', 16.75, 280);
insert into Alojamientos (id, tipo, nombre, ubicacion, descripcion, costo, MinimoPeriodo) values (94, 'Apartamento', 'leverage', 'Center', 'Realbuzz', 34.24, 1);
insert into Alojamientos (id, tipo, nombre, ubicacion, descripcion, costo, MinimoPeriodo) values (95, 'HabitacionUniversitaria', 'infrastructure', 'Road', 'Skinder', 23.06, 30);
insert into Alojamientos (id, tipo, nombre, ubicacion, descripcion, costo, MinimoPeriodo) values (96, 'Vivienda', 'analyzer', 'Lane', 'Dazzlesphere', 74.03, 60);
insert into Alojamientos (id, tipo, nombre, ubicacion, descripcion, costo, MinimoPeriodo) values (97, 'HabitacionHostal', 'multimedia', 'Point', 'Photobug', 92.2, 1);
insert into Alojamientos (id, tipo, nombre, ubicacion, descripcion, costo, MinimoPeriodo) values (98, 'Apartamento', 'knowledge base', 'Drive', 'Viva', 93.91, 280);
insert into Alojamientos (id, tipo, nombre, ubicacion, descripcion, costo, MinimoPeriodo) values (99, 'Vivienda', 'Implemented', 'Road', 'Eadel', 63.97, 1);
insert into Alojamientos (id, tipo, nombre, ubicacion, descripcion, costo, MinimoPeriodo) values (100, 'HabitacionUniversitaria', '24/7', 'Crossing', 'Voonix', 16.34, 1);

		--HOTELES
insert into hoteles (id, categoria, registroSI, registroCamara) values (1, 1, 56, 880);
insert into hoteles (id, categoria, registroSI, registroCamara) values (2, 3, 837, 643);
insert into hoteles (id,categoria, registroSI, registroCamara) values (3, 3, 156, 156);
insert into hoteles (id,categoria, registroSI, registroCamara) values (4, 5, 472, 869);
insert into hoteles (id,categoria, registroSI, registroCamara) values (5, 4, 87, 906);
		
		--HOSTALES

insert into hostales (id, registroSI, registroCamara, horarioapertura, horariocierre) values (6, 710, 36, '13:44', '16:49');
insert into hostales (id, registroSI, registroCamara, horarioapertura, horariocierre) values (7, 637, 968, '12:19', '18:58');
insert into hostales (id, registroSI, registroCamara, horarioapertura, horariocierre) values (8, 191, 21, '14:17', '21:59');
insert into hostales (id, registroSI, registroCamara, horarioapertura, horariocierre) values (9, 786, 511, '13:52', '21:34');
insert into hostales (id, registroSI, registroCamara, horarioapertura, horariocierre) values (10, 94, 690, '13:26', '22:09');

		--PERSONA
insert into PERSONANATURAL (id, vinculo) values (11, 'Evento');
insert into PERSONANATURAL (id, vinculo) values (12, 'Profesor');
insert into PERSONANATURAL (id, vinculo) values (13, 'Empleado');
insert into PERSONANATURAL (id, vinculo) values (14, 'Empleado');
insert into PERSONANATURAL (id, vinculo) values (15, 'Profesor invitado');

		--ViviendaUniversitaria
insert into viviendauniversitaria (id, nombreVivienda) values (16, 'Gutmann, Carter and Johnson');
insert into viviendauniversitaria (id, nombreVivienda) values (17, 'Toy, Kerluke and Effertz');
insert into viviendauniversitaria (id, nombreVivienda) values (18, 'D''Amore, Gutkowski and Johnston');
insert into viviendauniversitaria (id, nombreVivienda) values (19, 'Koch, Maggio and Kris');
insert into viviendauniversitaria (id, nombreVivienda) values (20, 'Batz-Muller');

		--Apartamentos
insert into Apartamentos (id, amoblado, administracion) values (1, 'Y', 57.4);
insert into Apartamentos (id, amoblado, administracion) values (2, 'N', 31.25);
insert into Apartamentos (id, amoblado, administracion) values (3, 'N', 73.35);
insert into Apartamentos (id, amoblado, administracion) values (4, 'N', 27.13);
insert into Apartamentos (id, amoblado, administracion) values (5, 'Y', 24.86);
insert into Apartamentos (id, amoblado, administracion) values (6, 'Y', 48.3);
insert into Apartamentos (id, amoblado, administracion) values (7, 'Y', 2.35);
insert into Apartamentos (id, amoblado, administracion) values (8, 'N', 22.14);
insert into Apartamentos (id, amoblado, administracion) values (9, 'Y', 61.71);
insert into Apartamentos (id, amoblado, administracion) values (10, 'N', 3.04);
insert into Apartamentos (id, amoblado, administracion) values (11, 'Y', 89.4);
insert into Apartamentos (id, amoblado, administracion) values (12, 'N', 58.59);
insert into Apartamentos (id, amoblado, administracion) values (13, 'Y', 59.58);
insert into Apartamentos (id, amoblado, administracion) values (14, 'N', 62.09);
insert into Apartamentos (id, amoblado, administracion) values (15, 'N', 98.72);
insert into Apartamentos (id, amoblado, administracion) values (16, 'N', 40.97);
insert into Apartamentos (id, amoblado, administracion) values (17, 'N', 78.06);
insert into Apartamentos (id, amoblado, administracion) values (18, 'N', 66.23);
insert into Apartamentos (id, amoblado, administracion) values (19, 'Y', 55.8);
insert into Apartamentos (id, amoblado, administracion) values (20, 'N', 62.86);

--HabitacionHotel
insert into HabitacionesHotel(id,capacidad,tipo,numeroHabitacion,tamano) values(6,3,'Suite',124,'Grande');


	--HabitacionesUniversitarias
insert into HabitacionesUniversitarias (id, compartida, numeroHabitacion, Capacidad, menaje, ubicacionH) values (21, 'N', 35, 3, 'Baby', 'Way');
insert into HabitacionesUniversitarias (id, compartida, numeroHabitacion, Capacidad, menaje, ubicacionH) values (22, 'N', 17, 5, 'Shoes', 'Pass');
insert into HabitacionesUniversitarias (id, compartida, numeroHabitacion, Capacidad, menaje, ubicacionH) values (23, 'Y', 213, 2, 'Outdoors', 'Pass');
insert into HabitacionesUniversitarias (id, compartida, numeroHabitacion, Capacidad, menaje, ubicacionH) values (24, 'N', 224, 2, 'Beauty', 'Circle');
insert into HabitacionesUniversitarias (id, compartida, numeroHabitacion, Capacidad, menaje, ubicacionH) values (25, 'Y', 250, 2, 'Baby', 'Point');
insert into HabitacionesUniversitarias (id, compartida, numeroHabitacion, Capacidad, menaje, ubicacionH) values (26, 'Y', 482, 3, 'Movies', 'Pass');
insert into HabitacionesUniversitarias (id, compartida, numeroHabitacion, Capacidad, menaje, ubicacionH) values (27, 'N', 106, 5, 'Movies', 'Parkway');
insert into HabitacionesUniversitarias (id, compartida, numeroHabitacion, Capacidad, menaje, ubicacionH) values (28, 'Y', 407, 2, 'Automotive', 'Place');
insert into HabitacionesUniversitarias (id, compartida, numeroHabitacion, Capacidad, menaje, ubicacionH) values (29, 'Y', 88, 0, 'Shoes', 'Street');
insert into HabitacionesUniversitarias (id, compartida, numeroHabitacion, Capacidad, menaje, ubicacionH) values (30, 'Y', 257, 4, 'Games', 'Avenue');
insert into HabitacionesUniversitarias (id, compartida, numeroHabitacion, Capacidad, menaje, ubicacionH) values (31, 'N', 178, 0, 'Clothing', 'Trail');
insert into HabitacionesUniversitarias (id, compartida, numeroHabitacion, Capacidad, menaje, ubicacionH) values (32, 'Y', 236, 0, 'Kids', 'Junction');
insert into HabitacionesUniversitarias (id, compartida, numeroHabitacion, Capacidad, menaje, ubicacionH) values (33, 'Y', 357, 4, 'Books', 'Avenue');
insert into HabitacionesUniversitarias (id, compartida, numeroHabitacion, Capacidad, menaje, ubicacionH) values (34, 'Y', 81, 0, 'Games', 'Avenue');
insert into HabitacionesUniversitarias (id, compartida, numeroHabitacion, Capacidad, menaje, ubicacionH) values (35, 'Y', 467, 5, 'Sports', 'Point');
insert into HabitacionesUniversitarias (id, compartida, numeroHabitacion, Capacidad, menaje, ubicacionH) values (36, 'N', 33, 3, 'Books', 'Road');
insert into HabitacionesUniversitarias (id, compartida, numeroHabitacion, Capacidad, menaje, ubicacionH) values (37, 'N', 132, 2, 'Home', 'Alley');
insert into HabitacionesUniversitarias (id, compartida, numeroHabitacion, Capacidad, menaje, ubicacionH) values (38, 'Y', 348, 5, 'Health', 'Lane');
insert into HabitacionesUniversitarias (id, compartida, numeroHabitacion, Capacidad, menaje, ubicacionH) values (39, 'Y', 356, 0, 'Movies', 'Hill');
insert into HabitacionesUniversitarias (id, compartida, numeroHabitacion, Capacidad, menaje, ubicacionH) values (40, 'N', 305, 3, 'Books', 'Street');

	 --Habitaciones Vivienda
insert into HabitacionesVivienda (id, compartida, urlEsquema) values (41, 'Y', 'Hyrax');
insert into HabitacionesVivienda (id, compartida, urlEsquema) values (42, 'Y', 'Polar bear');
insert into HabitacionesVivienda (id, compartida, urlEsquema) values (43, 'N', 'Southern black-backed gull');
insert into HabitacionesVivienda (id, compartida, urlEsquema) values (44, 'Y', 'Stork, marabou');
insert into HabitacionesVivienda (id, compartida, urlEsquema) values (45, 'N', 'Desert kangaroo rat');
insert into HabitacionesVivienda (id, compartida, urlEsquema) values (46, 'N', 'Potoroo');
insert into HabitacionesVivienda (id, compartida, urlEsquema) values (47, 'N', 'Rufous-collared sparrow');
insert into HabitacionesVivienda (id, compartida, urlEsquema) values (48, 'N', 'Dog, raccoon');
insert into HabitacionesVivienda (id, compartida, urlEsquema) values (49, 'Y', 'Gray heron');
insert into HabitacionesVivienda (id, compartida, urlEsquema) values (50, 'N', 'Collared lizard');
insert into HabitacionesVivienda (id, compartida, urlEsquema) values (51, 'Y', 'Gecko, tokay');
insert into HabitacionesVivienda (id, compartida, urlEsquema) values (52, 'Y', 'Stork, black-necked');
insert into HabitacionesVivienda (id, compartida, urlEsquema) values (53, 'N', 'Cardinal, black-throated');
insert into HabitacionesVivienda (id, compartida, urlEsquema) values (54, 'Y', 'Lizard, mexican beaded');
insert into HabitacionesVivienda (id, compartida, urlEsquema) values (55, 'Y', 'Cougar');
insert into HabitacionesVivienda (id, compartida, urlEsquema) values (56, 'N', 'African polecat');
insert into HabitacionesVivienda (id, compartida, urlEsquema) values (57, 'N', 'Devil, tasmanian');
insert into HabitacionesVivienda (id, compartida, urlEsquema) values (58, 'N', 'Snake, eastern indigo');
insert into HabitacionesVivienda (id, compartida, urlEsquema) values (59, 'Y', 'Cow, scottish highland');
insert into HabitacionesVivienda (id, compartida, urlEsquema) values (60, 'Y', 'White-throated monitor');

	--ALOJAMIENTOSOPERADORES
insert into AlojamientosOperadores (OperadorId, alojamientoId) values (2, 43);
insert into AlojamientosOperadores (OperadorId, alojamientoId) values (2, 18);
insert into AlojamientosOperadores (OperadorId, alojamientoId) values (13, 26);
insert into AlojamientosOperadores (OperadorId, alojamientoId) values (13, 50);
insert into AlojamientosOperadores (OperadorId, alojamientoId) values (18, 14);
insert into AlojamientosOperadores (OperadorId, alojamientoId) values (16, 60);
insert into AlojamientosOperadores (OperadorId, alojamientoId) values (16, 98);
insert into AlojamientosOperadores (OperadorId, alojamientoId) values (13, 10);
insert into AlojamientosOperadores (OperadorId, alojamientoId) values (3, 96);
insert into AlojamientosOperadores (OperadorId, alojamientoId) values (9, 69);
insert into AlojamientosOperadores (OperadorId, alojamientoId) values (2, 59);
insert into AlojamientosOperadores (OperadorId, alojamientoId) values (10, 43);
insert into AlojamientosOperadores (OperadorId, alojamientoId) values (5, 73);
insert into AlojamientosOperadores (OperadorId, alojamientoId) values (6, 85);
insert into AlojamientosOperadores (OperadorId, alojamientoId) values (3, 50);
insert into AlojamientosOperadores (OperadorId, alojamientoId) values (8, 38);
insert into AlojamientosOperadores (OperadorId, alojamientoId) values (13, 88);
insert into AlojamientosOperadores (OperadorId, alojamientoId) values (20, 53);
insert into AlojamientosOperadores (OperadorId, alojamientoId) values (9, 76);
insert into AlojamientosOperadores (OperadorId, alojamientoId) values (1, 26);
insert into AlojamientosOperadores (OperadorId, alojamientoId) values (17, 80);
insert into AlojamientosOperadores (OperadorId, alojamientoId) values (13, 38);
insert into AlojamientosOperadores (OperadorId, alojamientoId) values (12, 35);
insert into AlojamientosOperadores (OperadorId, alojamientoId) values (1, 45);
insert into AlojamientosOperadores (OperadorId, alojamientoId) values (9, 3);
insert into AlojamientosOperadores (OperadorId, alojamientoId) values (5, 25);
insert into AlojamientosOperadores (OperadorId, alojamientoId) values (7, 90);
insert into AlojamientosOperadores (OperadorId, alojamientoId) values (4, 41);
insert into AlojamientosOperadores (OperadorId, alojamientoId) values (20, 36);

	--SEGUROS
insert into Seguros (id, nombre, costo) values (1, 'Jabbertype', 93.11);
insert into Seguros (id, nombre, costo) values (2, 'Skyndu', 77.16);
insert into Seguros (id, nombre, costo) values (3, 'Ntags', 79.31);
insert into Seguros (id, nombre, costo) values (4, 'Kwilith', 62.7);
insert into Seguros (id, nombre, costo) values (5, 'Babbleset', 59.13);
insert into Seguros (id, nombre, costo) values (6, 'Riffpedia', 74.74);
insert into Seguros (id, nombre, costo) values (7, 'Twitterbridge', 71.06);
insert into Seguros (id, nombre, costo) values (8, 'Realpoint', 26.08);
insert into Seguros (id, nombre, costo) values (9, 'Ailane', 77.46);
insert into Seguros (id, nombre, costo) values (10, 'Quaxo', 13.43);
insert into Seguros (id, nombre, costo) values (11, 'Brainverse', 75.67);
insert into Seguros (id, nombre, costo) values (12, 'Eamia', 63.9);
insert into Seguros (id, nombre, costo) values (13, 'Trudeo', 67.29);
insert into Seguros (id, nombre, costo) values (14, 'Divavu', 18.88);
insert into Seguros (id, nombre, costo) values (15, 'Eidel', 64.42);
insert into Seguros (id, nombre, costo) values (16, 'Livetube', 30.59);
insert into Seguros (id, nombre, costo) values (17, 'Tagfeed', 49.68);
insert into Seguros (id, nombre, costo) values (18, 'Lajo', 4.83);
insert into Seguros (id, nombre, costo) values (19, 'Photojam', 87.18);
insert into Seguros (id, nombre, costo) values (20, 'Flipstorm', 26.3);

		--Viviendas

insert into viviendas (id, numeroHabitaciones, menaje, idS) values (61, 292, 'Jatri', 17);
insert into viviendas (id, numeroHabitaciones, menaje, idS) values (62, 49, 'Wikivu', 15);
insert into viviendas (id, numeroHabitaciones, menaje, idS) values (63, 155, 'Jaxbean', 8);
insert into viviendas (id, numeroHabitaciones, menaje, idS) values (64, 97, 'Zoomzone', 1);
insert into viviendas (id, numeroHabitaciones, menaje, idS) values (65, 292, 'Lazzy', 6);
insert into viviendas (id, numeroHabitaciones, menaje, idS) values (66, 64, 'Demizz', 16);
insert into viviendas (id, numeroHabitaciones, menaje, idS) values (67, 104, 'Oyope', 7);
insert into viviendas (id, numeroHabitaciones, menaje, idS) values (68, 109, 'Roombo', 15);
insert into viviendas (id, numeroHabitaciones, menaje, idS) values (69, 101, 'Centimia', 16);
insert into viviendas (id, numeroHabitaciones, menaje, idS) values (70, 41, 'Jabbercube', 12);
insert into viviendas (id, numeroHabitaciones, menaje, idS) values (71, 245, 'Zoomlounge', 19);
insert into viviendas (id, numeroHabitaciones, menaje, idS) values (72, 255, 'Dablist', 18);
insert into viviendas (id, numeroHabitaciones, menaje, idS) values (73, 28, 'Twiyo', 16);
insert into viviendas (id, numeroHabitaciones, menaje, idS) values (74, 271, 'Twitterlist', 13);
insert into viviendas (id, numeroHabitaciones, menaje, idS) values (75, 213, 'Oyondu', 13);
insert into viviendas (id, numeroHabitaciones, menaje, idS) values (76, 120, 'Devcast', 13);
insert into viviendas (id, numeroHabitaciones, menaje, idS) values (77, 226, 'Yombu', 18);
insert into viviendas (id, numeroHabitaciones, menaje, idS) values (78, 284, 'Kanoodle', 10);
insert into viviendas (id, numeroHabitaciones, menaje, idS) values (79, 107, 'Youspan', 15);
insert into viviendas (id, numeroHabitaciones, menaje, idS) values (80, 18, 'Blogpad', 2);

--		OFERTA	
-- Se priorizo el alojamiento 13,4,2 
-- Se priorizo el operador 19,2,10,1
insert into ofertas (id, precioEstadia, NOMBRE, Fechapublicacion, descripcion, alojamientoid, operador,capacidad) values (1, 19.4, 'Hamill LLC', TO_DATE('05/09/2017', 'DD/MM/YYYY'), 'Corolla', 13, 19,5);
insert into ofertas (id, precioEstadia, NOMBRE, Fechapublicacion, descripcion, alojamientoid, operador,capacidad) values (2, 28.5, 'Dicki LLC', TO_DATE('16/01/2018', 'DD/MM/YYYY'), 'Amigo', 13, 8,10);
insert into ofertas (id, precioEstadia, NOMBRE, Fechapublicacion, descripcion, alojamientoid, operador,capacidad) values (3, 80.75, 'Aufderhar-Barrows', TO_DATE('20/01/2018', 'DD/MM/YYYY'), 'Express 2500', 13, 19,13);
insert into ofertas (id, precioEstadia, NOMBRE, Fechapublicacion, descripcion, alojamientoid, operador,capacidad) values (4, 15.26, 'Dickinson, O''Connell and Robel', TO_DATE('22/02/2018', 'DD/MM/YYYY'), 'Maxima', 50, 4,20);
insert into ofertas (id, precioEstadia, NOMBRE, Fechapublicacion, descripcion, alojamientoid, operador,capacidad) values (5, 5.4, 'Yundt Group', TO_DATE('17/01/2018', 'DD/MM/YYYY'), 'Colorado', 8, 22,12);
insert into ofertas (id, precioEstadia, NOMBRE, Fechapublicacion, descripcion, alojamientoid, operador,capacidad) values (6, 85.08, 'Kshlerin-Langosh', TO_DATE('25/5/2017', 'DD/MM/YYYY'), 'NSX', 87, 19,11);
insert into ofertas (id, precioEstadia, NOMBRE, Fechapublicacion, descripcion, alojamientoid, operador,capacidad) values (7, 18.94, 'Howe-Purdy', TO_DATE('05/03/2018', 'DD/MM/YYYY'), 'Cooper', 3, 6,6);
insert into ofertas (id, precioEstadia, NOMBRE, Fechapublicacion, descripcion, alojamientoid, operador,capacidad) values (8, 56.35, 'Schulist, Bahringer and Connelly', TO_DATE('22/04/2017', 'DD/MM/YYYY'), 'MDX', 13, 27,27);
insert into ofertas (id, precioEstadia, NOMBRE, Fechapublicacion, descripcion, alojamientoid, operador,capacidad) values (9, 41.85, 'McGlynn and Sons', TO_DATE('27/04/2017', 'DD/MM/YYYY'), 'Quattro', 70, 30,28);
insert into ofertas (id, precioEstadia, NOMBRE, Fechapublicacion, descripcion, alojamientoid, operador,capacidad) values (10, 88.09, 'Senger Inc', TO_DATE('07/09/2017', 'DD/MM/YYYY'), 'Pathfinder', 10, 19,18);
insert into ofertas (id, precioEstadia, NOMBRE, Fechapublicacion, descripcion, alojamientoid, operador,capacidad) values (11, 56.48, 'Kris-Koch', TO_DATE('23/01/2018', 'DD/MM/YYYY'), 'Talon', 8, 13,13);
insert into ofertas (id, precioEstadia, NOMBRE, Fechapublicacion, descripcion, alojamientoid, operador,capacidad) values (12, 10.26, 'Satterfield and Sons', TO_DATE('15/04/2017', 'DD/MM/YYYY'), 'LHS', 30, 17,17);
insert into ofertas (id, precioEstadia, NOMBRE, Fechapublicacion, descripcion, alojamientoid, operador,capacidad) values (13, 13.66, 'Streich, Goyette and Harvey', TO_DATE('18/01/2018', 'DD/MM/YYYY'), 'Regal', 72, 2,2);
insert into ofertas (id, precioEstadia, NOMBRE, Fechapublicacion, descripcion, alojamientoid, operador,capacidad) values (14, 61.46, 'Jacobson, Crooks and Friesen', TO_DATE('16/01/2018', 'DD/MM/YYYY'), 'Accent', 98, 2,3);
insert into ofertas (id, precioEstadia, NOMBRE, Fechapublicacion, descripcion, alojamientoid, operador,capacidad) values (15, 33.61, 'Reichert LLC', TO_DATE('22/10/2017', 'DD/MM/YYYY'), 'CR-V', 4, 1,8);
insert into ofertas (id, precioEstadia, NOMBRE, Fechapublicacion, descripcion, alojamientoid, operador,capacidad) values (16, 89.23, 'Goodwin-Rowe', TO_DATE('25/01/2018', 'DD/MM/YYYY'), 'Avalon', 4, 2,21);
insert into ofertas (id, precioEstadia, NOMBRE, Fechapublicacion, descripcion, alojamientoid, operador,capacidad) values (17, 44.05, 'Blanda-Dickens', TO_DATE('28/03/2018', 'DD/MM/YYYY'), 'Jetta', 86, 4,16);
insert into ofertas (id, precioEstadia, NOMBRE, Fechapublicacion, descripcion, alojamientoid, operador,capacidad) values (18, 57.24, 'Huels Group', TO_DATE('22/06/2017', 'DD/MM/YYYY'), 'Rio', 4, 21,21);
insert into ofertas (id, precioEstadia, NOMBRE, Fechapublicacion, descripcion, alojamientoid, operador,capacidad) values (19, 59.17, 'Gibson Group', TO_DATE('30/04/2017', 'DD/MM/YYYY'), 'SL-Class', 39, 1,20);
insert into ofertas (id, precioEstadia, NOMBRE, Fechapublicacion, descripcion, alojamientoid, operador,capacidad) values (20, 28.57, 'Durgan Inc', TO_DATE('27/03/2018', 'DD/MM/YYYY'), 'Thunderbird', 11, 2,22);
insert into ofertas (id, precioEstadia, NOMBRE, Fechapublicacion, descripcion, alojamientoid, operador,capacidad) values (21, 48.83, 'Wuckert-Erdman', TO_DATE('8/10/2017', 'DD/MM/YYYY'), 'Escalade', 4, 2,24);
insert into ofertas (id, precioEstadia, NOMBRE, Fechapublicacion, descripcion, alojamientoid, operador,capacidad) values (22, 39.88, 'Kuphal LLC', TO_DATE('22/5/2017', 'DD/MM/YYYY'), '1500 Club Coupe', 42, 15,25);
insert into ofertas (id, precioEstadia, NOMBRE, Fechapublicacion, descripcion, alojamientoid, operador,capacidad) values (23, 24.39, 'Reichert, King and Abbott', TO_DATE('10/06/2017', 'DD/MM/YYYY'), 'Prelude', 74, 10,10);
insert into ofertas (id, precioEstadia, NOMBRE, Fechapublicacion, descripcion, alojamientoid, operador,capacidad) values (24, 82.02, 'Hoppe and Sons', TO_DATE('03/01/2018', 'DD/MM/YYYY'), 'Suburban 2500', 56, 5,15);
insert into ofertas (id, precioEstadia, NOMBRE, Fechapublicacion, descripcion, alojamientoid, operador,capacidad) values (25, 56.16, 'McKenzie-Gerhold', TO_DATE('24/10/2017', 'DD/MM/YYYY'), 'Sequoia', 2, 10,25);
insert into ofertas (id, precioEstadia, NOMBRE, Fechapublicacion, descripcion, alojamientoid, operador,capacidad) values (26, 51.23, 'Strosin, Grimes and McDermott', TO_DATE('02/05/2017', 'DD/MM/YYYY'), 'Fiero', 75, 2,10);
insert into ofertas (id, precioEstadia, NOMBRE, Fechapublicacion, descripcion, alojamientoid, operador,capacidad) values (27, 77.68, 'Stark, Schmidt and Auer', TO_DATE('25/01/2018', 'DD/MM/YYYY'), 'Caravan', 1, 1,15);
insert into ofertas (id, precioEstadia, NOMBRE, Fechapublicacion, descripcion, alojamientoid, operador,capacidad) values (28, 75.62, 'Green-Rice', TO_DATE('20/08/2017', 'DD/MM/YYYY'), 'Cube', 2, 1,21);
insert into ofertas (id, precioEstadia, NOMBRE, Fechapublicacion, descripcion, alojamientoid, operador,capacidad) values (29, 76.38, 'Fahey-Lowe', TO_DATE('08/04/2017', 'DD/MM/YYYY'), 'Freestar', 36, 8,21);
insert into ofertas (id, precioEstadia, NOMBRE, Fechapublicacion, descripcion, alojamientoid, operador,capacidad) values (30, 35.34, 'Mills-Botsford', TO_DATE('25/06/2017', 'DD/MM/YYYY'), 'Pajero', 4, 22,22);
insert into ofertas (id, precioEstadia, NOMBRE, Fechapublicacion, descripcion, alojamientoid, operador,capacidad) values (31, 71.52, 'Kerluke, Sanford and Donnelly', TO_DATE('28/11/2017', 'DD/MM/YYYY'), 'Savana', 22, 3,12);
insert into ofertas (id, precioEstadia, NOMBRE, Fechapublicacion, descripcion, alojamientoid, operador,capacidad) values (32, 30.67, 'Gibson, Lebsack and Raynor', TO_DATE('30/06/2017', 'DD/MM/YYYY'), 'W201', 76, 1,15);
insert into ofertas (id, precioEstadia, NOMBRE, Fechapublicacion, descripcion, alojamientoid, operador,capacidad) values (33, 12.3, 'Schinner-Mohr', TO_DATE('30/04/2017', 'DD/MM/YYYY'), 'del Sol', 83, 27,13);
insert into ofertas (id, precioEstadia, NOMBRE, Fechapublicacion, descripcion, alojamientoid, operador,capacidad) values (34, 81.0, 'Medhurst-Breitenberg', TO_DATE('11/08/2017', 'DD/MM/YYYY'), 'xA', 41, 1,15);
insert into ofertas (id, precioEstadia, NOMBRE, Fechapublicacion, descripcion, alojamientoid, operador,capacidad) values (35, 6.34, 'Gutmann Inc', TO_DATE('20/06/2017', 'DD/MM/YYYY'), 'Alero', 2, 29,16);
insert into ofertas (id, precioEstadia, NOMBRE, Fechapublicacion, descripcion, alojamientoid, operador,capacidad) values (36, 87.92, 'Hirthe, Ondricka and Cruickshank', TO_DATE('03/10/2017', 'DD/MM/YYYY'), 'Equinox', 66, 1,15);
insert into ofertas (id, precioEstadia, NOMBRE, Fechapublicacion, descripcion, alojamientoid, operador,capacidad) values (37, 89.33, 'Robel-Stiedemann', TO_DATE('01/12/2017', 'DD/MM/YYYY'), 'GS', 13, 15,12);
insert into ofertas (id, precioEstadia, NOMBRE, Fechapublicacion, descripcion, alojamientoid, operador,capacidad) values (38, 25.85, 'Collins, Tillman and Schumm', TO_DATE('18/09/2017', 'DD/MM/YYYY'), 'Sable', 30, 23,23);
insert into ofertas (id, precioEstadia, NOMBRE, Fechapublicacion, descripcion, alojamientoid, operador,capacidad) values (39, 51.81, 'Yost-Berge', TO_DATE('05/02/2018', 'DD/MM/YYYY'), 'Quattroporte', 20, 7,25);
insert into ofertas (id, precioEstadia, NOMBRE, Fechapublicacion, descripcion, alojamientoid, operador,capacidad) values (40, 49.41, 'Collier Inc', TO_DATE('24/08/2017', 'DD/MM/YYYY'), 'Esprit', 13, 25,15);
insert into ofertas (id, precioEstadia, NOMBRE, Fechapublicacion, descripcion, alojamientoid, operador,capacidad) values (41, 94.07, 'Jakubowski-Ritchie', TO_DATE('10/02/2018', 'DD/MM/YYYY'), 'Lucerne', 79, 3,14);
insert into ofertas (id, precioEstadia, NOMBRE, Fechapublicacion, descripcion, alojamientoid, operador,capacidad) values (42, 45.79, 'Okuneva-Bahringer', TO_DATE('07/11/2017', 'DD/MM/YYYY'), 'PT Cruiser', 52, 3,10);
insert into ofertas (id, precioEstadia, NOMBRE, Fechapublicacion, descripcion, alojamientoid, operador,capacidad) values (43, 45.62, 'Casper and Sons', TO_DATE('28/01/2018', 'DD/MM/YYYY'), 'Mohave/Borrego', 71, 29,15);
insert into ofertas (id, precioEstadia, NOMBRE, Fechapublicacion, descripcion, alojamientoid, operador,capacidad) values (44, 45.31, 'Rempel Inc', TO_DATE('14/02/2018', 'DD/MM/YYYY'), '300SL', 60, 24,14);
insert into ofertas (id, precioEstadia, NOMBRE, Fechapublicacion, descripcion, alojamientoid, operador,capacidad) values (45, 62.98, 'Abshire-Mitchell', TO_DATE('12/10/2017', 'DD/MM/YYYY'), 'Ram 3500', 91, 3,12);
insert into ofertas (id, precioEstadia, NOMBRE, Fechapublicacion, descripcion, alojamientoid, operador,capacidad) values (46, 66.75, 'Hyatt-Mann', TO_DATE('14/03/2018', 'DD/MM/YYYY'), 'Carens', 44, 24,14);
insert into ofertas (id, precioEstadia, NOMBRE, Fechapublicacion, descripcion, alojamientoid, operador,capacidad) values (47, 70.71, 'Langosh Inc', TO_DATE('18/03/2018', 'DD/MM/YYYY'), 'Passat', 50, 3,20);
insert into ofertas (id, precioEstadia, NOMBRE, Fechapublicacion, descripcion, alojamientoid, operador,capacidad) values (48, 92.81, 'Ruecker-Dach', TO_DATE('17/04/2018', 'DD/MM/YYYY'), 'Spirit', 46, 18,15);
insert into ofertas (id, precioEstadia, NOMBRE, Fechapublicacion, descripcion, alojamientoid, operador,capacidad) values (49, 97.19, 'Haag-Barrows', TO_DATE('19/07/2017', 'DD/MM/YYYY'), 'RX-7', 13, 18,17);
insert into ofertas (id, precioEstadia, NOMBRE, Fechapublicacion, descripcion, alojamientoid, operador,capacidad) values (50, 92.33, 'Herman and Sons', TO_DATE('30/08/2017', 'DD/MM/YYYY'), 'Grand Prix', 97, 14,16);
insert into ofertas (id, precioEstadia, NOMBRE, Fechapublicacion, descripcion, alojamientoid, operador,capacidad) values (51, 38.97, 'Hand, Kovacek and Kilback', TO_DATE('25/09/2017', 'DD/MM/YYYY'), 'DB9', 99, 30,15);
insert into ofertas (id, precioEstadia, NOMBRE, Fechapublicacion, descripcion, alojamientoid, operador,capacidad) values (52, 69.08, 'Kassulke, Huels and Towne', TO_DATE('04/03/2018', 'DD/MM/YYYY'), 'Matrix', 28, 28,16);
insert into ofertas (id, precioEstadia, NOMBRE, Fechapublicacion, descripcion, alojamientoid, operador,capacidad) values (53, 35.23, 'Cremin, Walsh and Yost', TO_DATE('03/07/2017', 'DD/MM/YYYY'), 'SSR', 13, 1,5);
insert into ofertas (id, precioEstadia, NOMBRE, Fechapublicacion, descripcion, alojamientoid, operador,capacidad) values (54, 89.65, 'Ortiz-Stehr', TO_DATE('16/02/2018', 'DD/MM/YYYY'), 'Ram 2500', 92, 8,12);
insert into ofertas (id, precioEstadia, NOMBRE, Fechapublicacion, descripcion, alojamientoid, operador,capacidad) values (55, 70.22, 'Botsford-Cartwright', TO_DATE('11/03/2018', 'DD/MM/YYYY'), 'Coupe Quattro', 73, 28,25);
insert into ofertas (id, precioEstadia, NOMBRE, Fechapublicacion, descripcion, alojamientoid, operador,capacidad) values (56, 20.74, 'Schultz-Botsford', TO_DATE('19/09/2017', 'DD/MM/YYYY'), 'Altima', 93, 21,12);
insert into ofertas (id, precioEstadia, NOMBRE, Fechapublicacion, descripcion, alojamientoid, operador,capacidad) values (57, 80.92, 'Balistreri, Terry and Nader', TO_DATE('09/09/2017', 'DD/MM/YYYY'), 'Envoy', 5, 13, 15);
insert into ofertas (id, precioEstadia, NOMBRE, Fechapublicacion, descripcion, alojamientoid, operador,capacidad) values (58, 26.97, 'Hettinger, Jacobson and Grant', TO_DATE('06/06/2017', 'DD/MM/YYYY'), 'Cabriolet', 42, 11, 15);
insert into ofertas (id, precioEstadia, NOMBRE, Fechapublicacion, descripcion, alojamientoid, operador,capacidad) values (59, 65.41, 'Mertz Inc', TO_DATE('01/07/2017', 'DD/MM/YYYY'), 'Magnum', 57, 1,25);
insert into ofertas (id, precioEstadia, NOMBRE, Fechapublicacion, descripcion, alojamientoid, operador,capacidad) values (60, 9.46, 'Smith, Schaden and Mueller', TO_DATE('05/08/2017', 'DD/MM/YYYY'), 'Discovery', 10, 11, 23);

--		reservas
--se priorizo la oferta 47,46
insert into reservas (id, fechaLlegada, recargo, cantidadDias, OFerta, vigente) values (1, TO_DATE('02/09/2017', 'DD/MM/YYYY'), 0, 356, 47,'Y');
insert into reservas (id, fechaLlegada, recargo, cantidadDias, OFerta, vigente) values (2, TO_DATE('5/11/2017', 'DD/MM/YYYY'), 0, 168, 4,'Y');
insert into reservas (id, fechaLlegada, recargo, cantidadDias, OFerta, vigente) values (3, TO_DATE('13/3/2018', 'DD/MM/YYYY'), 0, 338, 47,'Y');
insert into reservas (id, fechaLlegada, recargo, cantidadDias, OFerta, vigente) values (4, TO_DATE('29/6/2017', 'DD/MM/YYYY'), 0, 38, 16,'Y');
insert into reservas (id, fechaLlegada, recargo, cantidadDias, OFerta,vigente) values (5, TO_DATE('29/3/2018', 'DD/MM/YYYY'), 0, 15, 46,'Y');
insert into reservas (id, fechaLlegada, recargo, cantidadDias, OFerta, vigente) values (6, TO_DATE('4/2/2018', 'DD/MM/YYYY'), 0, 155, 29,'Y');
insert into reservas (id, fechaLlegada, recargo, cantidadDias, OFerta, vigente) values (7, TO_DATE('22/7/2017', 'DD/MM/YYYY'), 0, 300, 9,'Y');
insert into reservas (id, fechaLlegada, recargo, cantidadDias, OFerta, vigente) values (8, TO_DATE('19/2/2018', 'DD/MM/YYYY'), 0, 65, 15,'Y');
insert into reservas (id, fechaLlegada, recargo, cantidadDias, OFerta,vigente) values (9, TO_DATE('6/9/2017', 'DD/MM/YYYY'), 0, 140, 47,'Y');
insert into reservas (id, fechaLlegada, recargo, cantidadDias, OFerta, vigente) values (10, TO_DATE('24/8/2017', 'DD/MM/YYYY'), 0, 294, 26,'Y');
insert into reservas (id, fechaLlegada, recargo, cantidadDias, OFerta, vigente) values (11, TO_DATE('26/6/2017', 'DD/MM/YYYY'), 0, 252, 29,'Y');
insert into reservas (id, fechaLlegada, recargo, cantidadDias, OFerta, vigente) values (12, TO_DATE('10/3/2018', 'DD/MM/YYYY'), 0, 201, 47,'Y');
insert into reservas (id, fechaLlegada, recargo, cantidadDias, OFerta, vigente) values (13, TO_DATE('31/12/2017', 'DD/MM/YYYY'), 0, 184, 34,'Y');
insert into reservas (id, fechaLlegada, recargo, cantidadDias, OFerta, vigente) values (14, TO_DATE('18/10/2017', 'DD/MM/YYYY'), 0, 66, 31,'Y');
insert into reservas (id, fechaLlegada, recargo, cantidadDias, OFerta, vigente) values (15, TO_DATE('26/1/2018', 'DD/MM/YYYY'), 0, 209, 32,'Y');
insert into reservas (id, fechaLlegada, recargo, cantidadDias, OFerta, vigente) values (16, TO_DATE('7/11/2017', 'DD/MM/YYYY'), 0, 322, 8,'Y');
insert into reservas (id, fechaLlegada, recargo, cantidadDias, OFerta, vigente) values (17, TO_DATE('11/1/2018', 'DD/MM/YYYY'), 0, 16, 29,'Y');
insert into reservas (id, fechaLlegada, recargo, cantidadDias, OFerta, vigente) values (18, TO_DATE('10/11/2017', 'DD/MM/YYYY'), 0, 338, 13,'Y');
insert into reservas (id, fechaLlegada, recargo, cantidadDias, OFerta, vigente) values (19, TO_DATE('24/1/2018', 'DD/MM/YYYY'), 0, 50, 5,'Y');
insert into reservas (id, fechaLlegada, recargo, cantidadDias, OFerta, vigente) values (20, TO_DATE('15/12/2017', 'DD/MM/YYYY'), 0, 328, 29,'Y');
insert into reservas (id, fechaLlegada, recargo, cantidadDias, OFerta, vigente) values (21, TO_DATE('15/12/2017', 'DD/MM/YYYY'), 0, 28, 37,'Y');
insert into reservas (id, fechaLlegada, recargo, cantidadDias, OFerta, vigente) values (22, TO_DATE('5/12/2017', 'DD/MM/YYYY'), 0, 212, 46,'Y');
insert into reservas (id, fechaLlegada, recargo, cantidadDias, OFerta, vigente) values (23, TO_DATE('1/9/2017', 'DD/MM/YYYY'), 0, 75, 46,'Y');
insert into reservas (id, fechaLlegada, recargo, cantidadDias, OFerta, vigente) values (24, TO_DATE('15/7/2017', 'DD/MM/YYYY'), 0, 32, 47,'Y');
insert into reservas (id, fechaLlegada, recargo, cantidadDias, OFerta, vigente) values (25, TO_DATE('22/9/2017', 'DD/MM/YYYY'), 0, 182, 51,'Y');
insert into reservas (id, fechaLlegada, recargo, cantidadDias, OFerta, vigente) values (26, TO_DATE('16/7/2017', 'DD/MM/YYYY'), 0, 310, 46,'Y');
insert into reservas (id, fechaLlegada, recargo, cantidadDias, OFerta, vigente) values (27, TO_DATE('6/2/2018', 'DD/MM/YYYY'), 0, 224, 27,'Y');
insert into reservas (id, fechaLlegada, recargo, cantidadDias, OFerta, vigente) values (28, TO_DATE('21/3/2018', 'DD/MM/YYYY'), 0, 220, 46,'Y');
insert into reservas (id, fechaLlegada, recargo, cantidadDias, OFerta, vigente) values (29, TO_DATE('2/10/2017', 'DD/MM/YYYY'), 0, 299, 46,'Y');
insert into reservas (id, fechaLlegada, recargo, cantidadDias, OFerta, vigente) values (30, TO_DATE('7/8/2017', 'DD/MM/YYYY'), 0, 124, 49,'Y');


--		ReservasCliente
--se prioriza el cliente 10,4,21
insert into reservascliente (clienteId, ReservaId) values (10, 16);
insert into reservascliente (clienteId, ReservaId) values (23, 1);
insert into reservascliente (clienteId, ReservaId) values (10, 27);
insert into reservascliente (clienteId, ReservaId) values (20, 25);
insert into reservascliente (clienteId, ReservaId) values (28, 11);
insert into reservascliente (clienteId, ReservaId) values (10, 12);
insert into reservascliente (clienteId, ReservaId) values (4, 16);
insert into reservascliente (clienteId, ReservaId) values (15, 29);
insert into reservascliente (clienteId, ReservaId) values (10, 2);
insert into reservascliente (clienteId, ReservaId) values (4, 5);
insert into reservascliente (clienteId, ReservaId) values (20, 29);
insert into reservascliente (clienteId, ReservaId) values (4, 26);
insert into reservascliente (clienteId, ReservaId) values (10, 3);
insert into reservascliente (clienteId, ReservaId) values (10, 21);
insert into reservascliente (clienteId, ReservaId) values (26, 14);
insert into reservascliente (clienteId, ReservaId) values (9, 15);
insert into reservascliente (clienteId, ReservaId) values (19, 26);
insert into reservascliente (clienteId, ReservaId) values (21, 13);
insert into reservascliente (clienteId, ReservaId) values (7, 8);
insert into reservascliente (clienteId, ReservaId) values (4, 22);
insert into reservascliente (clienteId, ReservaId) values (25, 10);
insert into reservascliente (clienteId, ReservaId) values (29, 22);
insert into reservascliente (clienteId, ReservaId) values (21, 9);
insert into reservascliente (clienteId, ReservaId) values (21, 27);
insert into reservascliente (clienteId, ReservaId) values (25, 16);
insert into reservascliente (clienteId, ReservaId) values (21, 24);
insert into reservascliente (clienteId, ReservaId) values (19, 10);
insert into reservascliente (clienteId, ReservaId) values (25, 30);
insert into reservascliente (clienteId, ReservaId) values (29, 8);

--		SERVICIOS ALOJAMIENTOS
--alojamientos con mas de un servicio 15,2,3,6,7
--Servicios repetidos 4,6,8
insert into serviciosdealojamientos (servicio, alojamiento) values (15, 41);
insert into serviciosdealojamientos (servicio, alojamiento) values (15, 4);
insert into serviciosdealojamientos (servicio, alojamiento) values (18, 8);
insert into serviciosdealojamientos (servicio, alojamiento) values (20, 8);
insert into serviciosdealojamientos (servicio, alojamiento) values (15, 35);
insert into serviciosdealojamientos (servicio, alojamiento) values (21, 59);
insert into serviciosdealojamientos (servicio, alojamiento) values (2, 8);
insert into serviciosdealojamientos (servicio, alojamiento) values (2, 55);
insert into serviciosdealojamientos (servicio, alojamiento) values (15, 51);
insert into serviciosdealojamientos (servicio, alojamiento) values (10, 6);
insert into serviciosdealojamientos (servicio, alojamiento) values (13, 4);
insert into serviciosdealojamientos (servicio, alojamiento) values (15, 6);
insert into serviciosdealojamientos (servicio, alojamiento) values (2, 71);
insert into serviciosdealojamientos (servicio, alojamiento) values (10, 97);
insert into serviciosdealojamientos (servicio, alojamiento) values (16, 4);
insert into serviciosdealojamientos (servicio, alojamiento) values (7, 6);
insert into serviciosdealojamientos (servicio, alojamiento) values (13, 25);
insert into serviciosdealojamientos (servicio, alojamiento) values (14, 97);
insert into serviciosdealojamientos (servicio, alojamiento) values (3, 23);
insert into serviciosdealojamientos (servicio, alojamiento) values (3, 8);
insert into serviciosdealojamientos (servicio, alojamiento) values (5, 8);
insert into serviciosdealojamientos (servicio, alojamiento) values (13, 79);
insert into serviciosdealojamientos (servicio, alojamiento) values (3, 8);
insert into serviciosdealojamientos (servicio, alojamiento) values (17, 71);
insert into serviciosdealojamientos (servicio, alojamiento) values (17, 23);
insert into serviciosdealojamientos (servicio, alojamiento) values (2, 8);
insert into serviciosdealojamientos (servicio, alojamiento) values (2, 34);
insert into serviciosdealojamientos (servicio, alojamiento) values (19, 26);
insert into serviciosdealojamientos (servicio, alojamiento) values (2, 8);
insert into serviciosdealojamientos (servicio, alojamiento) values (3, 17);
insert into serviciosdealojamientos (servicio, alojamiento) values (6, 6);
insert into serviciosdealojamientos (servicio, alojamiento) values (6, 8);
insert into serviciosdealojamientos (servicio, alojamiento) values (6, 4);
insert into serviciosdealojamientos (servicio, alojamiento) values (6, 2);
insert into serviciosdealojamientos (servicio, alojamiento) values (7, 20);
insert into serviciosdealojamientos (servicio, alojamiento) values (7, 4);
insert into serviciosdealojamientos (servicio, alojamiento) values (7, 8);
insert into serviciosdealojamientos (servicio, alojamiento) values (7, 2);

--	ServiciosOPeradores
--servicios con varios operadores 2,1,8
--operadores con varios servicios 1,2,3
insert into serviciosdeoperadores (servicio, operador) values (2, 1);
insert into serviciosdeoperadores (servicio, operador) values (8, 2);
insert into serviciosdeoperadores (servicio, operador) values (2, 2);
insert into serviciosdeoperadores (servicio, operador) values (2, 7);
insert into serviciosdeoperadores (servicio, operador) values (8, 1);
insert into serviciosdeoperadores (servicio, operador) values (1, 11);
insert into serviciosdeoperadores (servicio, operador) values (1, 1);
insert into serviciosdeoperadores (servicio, operador) values (27, 10);
insert into serviciosdeoperadores (servicio, operador) values (26, 2);
insert into serviciosdeoperadores (servicio, operador) values (1, 14);
insert into serviciosdeoperadores (servicio, operador) values (25, 1);
insert into serviciosdeoperadores (servicio, operador) values (3, 10);
insert into serviciosdeoperadores (servicio, operador) values (1, 8);
insert into serviciosdeoperadores (servicio, operador) values (6, 3);
insert into serviciosdeoperadores (servicio, operador) values (10, 7);
insert into serviciosdeoperadores (servicio, operador) values (11, 3);
insert into serviciosdeoperadores (servicio, operador) values (25, 3);
insert into serviciosdeoperadores (servicio, operador) values (15, 11);
insert into serviciosdeoperadores (servicio, operador) values (8, 12);
insert into serviciosdeoperadores (servicio, operador) values (2, 2);
insert into serviciosdeoperadores (servicio, operador) values (2, 1);
insert into serviciosdeoperadores (servicio, operador) values (1, 29);
insert into serviciosdeoperadores (servicio, operador) values (5, 2);
insert into serviciosdeoperadores (servicio, operador) values (1, 1);
insert into serviciosdeoperadores (servicio, operador) values (7, 19);
insert into serviciosdeoperadores (servicio, operador) values (8, 2);
insert into serviciosdeoperadores (servicio, operador) values (28, 20);
insert into serviciosdeoperadores (servicio, operador) values (5, 13);
insert into serviciosdeoperadores (servicio, operador) values (6, 1);
insert into serviciosdeoperadores (servicio, operador) values (1, 18);


