--		clientesregistrados

insert into ClientesRegistrados (idcliente, idaloha) values (1, 1);
insert into ClientesRegistrados (idcliente, idaloha) values (2, 1);
insert into ClientesRegistrados (idcliente, idaloha) values (3, 1);
insert into ClientesRegistrados (idcliente, idaloha) values (4, 1);
insert into ClientesRegistrados (idcliente, idaloha) values (5, 1);
insert into ClientesRegistrados (idcliente, idaloha) values (6, 1);
insert into ClientesRegistrados (idcliente, idaloha) values (7, 1);
insert into ClientesRegistrados (idcliente, idaloha) values (8, 1);
insert into ClientesRegistrados (idcliente, idaloha) values (9, 1);
insert into ClientesRegistrados (idcliente, idaloha) values (10, 1);
insert into ClientesRegistrados (idcliente, idaloha) values (11, 1);
insert into ClientesRegistrados (idcliente, idaloha) values (12, 1);
insert into ClientesRegistrados (idcliente, idaloha) values (13, 1);
insert into ClientesRegistrados (idcliente, idaloha) values (14, 1);
insert into ClientesRegistrados (idcliente, idaloha) values (15, 1);
insert into ClientesRegistrados (idcliente, idaloha) values (16, 1);
insert into ClientesRegistrados (idcliente, idaloha) values (17, 1);
insert into ClientesRegistrados (idcliente, idaloha) values (18, 1);
insert into ClientesRegistrados (idcliente, idaloha) values (19, 1);
insert into ClientesRegistrados (idcliente, idaloha) values (20, 1);
insert into ClientesRegistrados (idcliente, idaloha) values (21, 1);
insert into ClientesRegistrados (idcliente, idaloha) values (22, 1);
insert into ClientesRegistrados (idcliente, idaloha) values (23, 1);
insert into ClientesRegistrados (idcliente, idaloha) values (24, 1);
insert into ClientesRegistrados (idcliente, idaloha) values (25, 1);
insert into ClientesRegistrados (idcliente, idaloha) values (26, 1);
insert into ClientesRegistrados (idcliente, idaloha) values (27, 1);
insert into ClientesRegistrados (idcliente, idaloha) values (28, 1);
insert into ClientesRegistrados (idcliente, idaloha) values (29, 1);
insert into ClientesRegistrados (idcliente, idaloha) values (30, 1);


--		OFERTA	

insert into ofertas (id, precioEstadia, NOMBRE, Fechapublicacion, descripcion, alojamientoid, operador,capacidad) values (1, 19.4, 'Hamill LLC', TO_DATE('05/09/2017', 'DD/MM/YYYY'), 'Corolla', 40, 19,5);
insert into ofertas (id, precioEstadia, NOMBRE, Fechapublicacion, descripcion, alojamientoid, operador,capacidad) values (2, 28.5, 'Dicki LLC', TO_DATE('16/01/2018', 'DD/MM/YYYY'), 'Amigo', 61, 8,10);
insert into ofertas (id, precioEstadia, NOMBRE, Fechapublicacion, descripcion, alojamientoid, operador,capacidad) values (3, 80.75, 'Aufderhar-Barrows', TO_DATE('20/01/2018', 'DD/MM/YYYY'), 'Express 2500', 9, 21,13);
insert into ofertas (id, precioEstadia, NOMBRE, Fechapublicacion, descripcion, alojamientoid, operador,capacidad) values (4, 15.26, 'Dickinson, O''Connell and Robel', TO_DATE('22/02/2018', 'DD/MM/YYYY'), 'Maxima', 50, 4,20);
insert into ofertas (id, precioEstadia, NOMBRE, Fechapublicacion, descripcion, alojamientoid, operador,capacidad) values (5, 5.4, 'Yundt Group', TO_DATE('17/01/2018', 'DD/MM/YYYY'), 'Colorado', 8, 22,12);
insert into ofertas (id, precioEstadia, NOMBRE, Fechapublicacion, descripcion, alojamientoid, operador,capacidad) values (6, 85.08, 'Kshlerin-Langosh', TO_DATE('25/5/2017', 'DD/MM/YYYY'), 'NSX', 87, 11,11);
insert into ofertas (id, precioEstadia, NOMBRE, Fechapublicacion, descripcion, alojamientoid, operador,capacidad) values (7, 18.94, 'Howe-Purdy', TO_DATE('05/03/2018', 'DD/MM/YYYY'), 'Cooper', 3, 6,6);
insert into ofertas (id, precioEstadia, NOMBRE, Fechapublicacion, descripcion, alojamientoid, operador,capacidad) values (8, 56.35, 'Schulist, Bahringer and Connelly', TO_DATE('22/04/2017', 'DD/MM/YYYY'), 'MDX', 38, 27,27);
insert into ofertas (id, precioEstadia, NOMBRE, Fechapublicacion, descripcion, alojamientoid, operador,capacidad) values (9, 41.85, 'McGlynn and Sons', TO_DATE('27/04/2017', 'DD/MM/YYYY'), 'Quattro', 70, 30,28);
insert into ofertas (id, precioEstadia, NOMBRE, Fechapublicacion, descripcion, alojamientoid, operador,capacidad) values (10, 88.09, 'Senger Inc', TO_DATE('07/09/2017', 'DD/MM/YYYY'), 'Pathfinder', 10, 18,18);
insert into ofertas (id, precioEstadia, NOMBRE, Fechapublicacion, descripcion, alojamientoid, operador,capacidad) values (11, 56.48, 'Kris-Koch', TO_DATE('23/01/2018', 'DD/MM/YYYY'), 'Talon', 89, 13,13);
insert into ofertas (id, precioEstadia, NOMBRE, Fechapublicacion, descripcion, alojamientoid, operador,capacidad) values (12, 10.26, 'Satterfield and Sons', TO_DATE('15/04/2017', 'DD/MM/YYYY'), 'LHS', 30, 17,17);
insert into ofertas (id, precioEstadia, NOMBRE, Fechapublicacion, descripcion, alojamientoid, operador,capacidad) values (13, 13.66, 'Streich, Goyette and Harvey', TO_DATE('18/01/2018', 'DD/MM/YYYY'), 'Regal', 72, 2,2);
insert into ofertas (id, precioEstadia, NOMBRE, Fechapublicacion, descripcion, alojamientoid, operador,capacidad) values (14, 61.46, 'Jacobson, Crooks and Friesen', TO_DATE('16/01/2018', 'DD/MM/YYYY'), 'Accent', 98, 3,3);
insert into ofertas (id, precioEstadia, NOMBRE, Fechapublicacion, descripcion, alojamientoid, operador,capacidad) values (15, 33.61, 'Reichert LLC', TO_DATE('22/10/2017', 'DD/MM/YYYY'), 'CR-V', 45, 1,8);
insert into ofertas (id, precioEstadia, NOMBRE, Fechapublicacion, descripcion, alojamientoid, operador,capacidad) values (16, 89.23, 'Goodwin-Rowe', TO_DATE('25/01/2018', 'DD/MM/YYYY'), 'Avalon', 4, 21,21);
insert into ofertas (id, precioEstadia, NOMBRE, Fechapublicacion, descripcion, alojamientoid, operador,capacidad) values (17, 44.05, 'Blanda-Dickens', TO_DATE('28/03/2018', 'DD/MM/YYYY'), 'Jetta', 86, 4,16);
insert into ofertas (id, precioEstadia, NOMBRE, Fechapublicacion, descripcion, alojamientoid, operador,capacidad) values (18, 57.24, 'Huels Group', TO_DATE('22/06/2017', 'DD/MM/YYYY'), 'Rio', 26, 21,21);
insert into ofertas (id, precioEstadia, NOMBRE, Fechapublicacion, descripcion, alojamientoid, operador,capacidad) values (19, 59.17, 'Gibson Group', TO_DATE('30/04/2017', 'DD/MM/YYYY'), 'SL-Class', 39, 1,20);
insert into ofertas (id, precioEstadia, NOMBRE, Fechapublicacion, descripcion, alojamientoid, operador,capacidad) values (20, 28.57, 'Durgan Inc', TO_DATE('27/03/2018', 'DD/MM/YYYY'), 'Thunderbird', 11, 22,22);
insert into ofertas (id, precioEstadia, NOMBRE, Fechapublicacion, descripcion, alojamientoid, operador,capacidad) values (21, 48.83, 'Wuckert-Erdman', TO_DATE('8/10/2017', 'DD/MM/YYYY'), 'Escalade', 9, 24,24);
insert into ofertas (id, precioEstadia, NOMBRE, Fechapublicacion, descripcion, alojamientoid, operador,capacidad) values (22, 39.88, 'Kuphal LLC', TO_DATE('22/5/2017', 'DD/MM/YYYY'), '1500 Club Coupe', 42, 15,25);
insert into ofertas (id, precioEstadia, NOMBRE, Fechapublicacion, descripcion, alojamientoid, operador,capacidad) values (23, 24.39, 'Reichert, King and Abbott', TO_DATE('10/06/2017', 'DD/MM/YYYY'), 'Prelude', 74, 10,10);
insert into ofertas (id, precioEstadia, NOMBRE, Fechapublicacion, descripcion, alojamientoid, operador,capacidad) values (24, 82.02, 'Hoppe and Sons', TO_DATE('03/01/2018', 'DD/MM/YYYY'), 'Suburban 2500', 56, 5,15);
insert into ofertas (id, precioEstadia, NOMBRE, Fechapublicacion, descripcion, alojamientoid, operador,capacidad) values (25, 56.16, 'McKenzie-Gerhold', TO_DATE('24/10/2017', 'DD/MM/YYYY'), 'Sequoia', 62, 10,25);
insert into ofertas (id, precioEstadia, NOMBRE, Fechapublicacion, descripcion, alojamientoid, operador,capacidad) values (26, 51.23, 'Strosin, Grimes and McDermott', TO_DATE('02/05/2017', 'DD/MM/YYYY'), 'Fiero', 75, 29,10);
insert into ofertas (id, precioEstadia, NOMBRE, Fechapublicacion, descripcion, alojamientoid, operador,capacidad) values (27, 77.68, 'Stark, Schmidt and Auer', TO_DATE('25/01/2018', 'DD/MM/YYYY'), 'Caravan', 1, 19,15);
insert into ofertas (id, precioEstadia, NOMBRE, Fechapublicacion, descripcion, alojamientoid, operador,capacidad) values (28, 75.62, 'Green-Rice', TO_DATE('20/08/2017', 'DD/MM/YYYY'), 'Cube', 71, 12,21);
insert into ofertas (id, precioEstadia, NOMBRE, Fechapublicacion, descripcion, alojamientoid, operador,capacidad) values (29, 76.38, 'Fahey-Lowe', TO_DATE('08/04/2017', 'DD/MM/YYYY'), 'Freestar', 36, 8,21);
insert into ofertas (id, precioEstadia, NOMBRE, Fechapublicacion, descripcion, alojamientoid, operador,capacidad) values (30, 35.34, 'Mills-Botsford', TO_DATE('25/06/2017', 'DD/MM/YYYY'), 'Pajero', 40, 22,22);
insert into ofertas (id, precioEstadia, NOMBRE, Fechapublicacion, descripcion, alojamientoid, operador,capacidad) values (31, 71.52, 'Kerluke, Sanford and Donnelly', TO_DATE('28/11/2017', 'DD/MM/YYYY'), 'Savana', 25, 3,12);
insert into ofertas (id, precioEstadia, NOMBRE, Fechapublicacion, descripcion, alojamientoid, operador,capacidad) values (32, 30.67, 'Gibson, Lebsack and Raynor', TO_DATE('30/06/2017', 'DD/MM/YYYY'), 'W201', 76, 15,15);
insert into ofertas (id, precioEstadia, NOMBRE, Fechapublicacion, descripcion, alojamientoid, operador,capacidad) values (33, 12.3, 'Schinner-Mohr', TO_DATE('30/04/2017', 'DD/MM/YYYY'), 'del Sol', 83, 27,13);
insert into ofertas (id, precioEstadia, NOMBRE, Fechapublicacion, descripcion, alojamientoid, operador,capacidad) values (34, 81.0, 'Medhurst-Breitenberg', TO_DATE('11/08/2017', 'DD/MM/YYYY'), 'xA', 41, 10,15);
insert into ofertas (id, precioEstadia, NOMBRE, Fechapublicacion, descripcion, alojamientoid, operador,capacidad) values (35, 6.34, 'Gutmann Inc', TO_DATE('20/06/2017', 'DD/MM/YYYY'), 'Alero', 2, 29,16);
insert into ofertas (id, precioEstadia, NOMBRE, Fechapublicacion, descripcion, alojamientoid, operador,capacidad) values (36, 87.92, 'Hirthe, Ondricka and Cruickshank', TO_DATE('03/10/2017', 'DD/MM/YYYY'), 'Equinox', 66, 16,15);
insert into ofertas (id, precioEstadia, NOMBRE, Fechapublicacion, descripcion, alojamientoid, operador,capacidad) values (37, 89.33, 'Robel-Stiedemann', TO_DATE('01/12/2017', 'DD/MM/YYYY'), 'GS', 19, 15,12);
insert into ofertas (id, precioEstadia, NOMBRE, Fechapublicacion, descripcion, alojamientoid, operador,capacidad) values (38, 25.85, 'Collins, Tillman and Schumm', TO_DATE('18/09/2017', 'DD/MM/YYYY'), 'Sable', 30, 23,23);
insert into ofertas (id, precioEstadia, NOMBRE, Fechapublicacion, descripcion, alojamientoid, operador,capacidad) values (39, 51.81, 'Yost-Berge', TO_DATE('05/02/2018', 'DD/MM/YYYY'), 'Quattroporte', 20, 7,25);
insert into ofertas (id, precioEstadia, NOMBRE, Fechapublicacion, descripcion, alojamientoid, operador,capacidad) values (40, 49.41, 'Collier Inc', TO_DATE('24/08/2017', 'DD/MM/YYYY'), 'Esprit', 23, 25,15);
insert into ofertas (id, precioEstadia, NOMBRE, Fechapublicacion, descripcion, alojamientoid, operador,capacidad) values (41, 94.07, 'Jakubowski-Ritchie', TO_DATE('10/02/2018', 'DD/MM/YYYY'), 'Lucerne', 79, 30,14);
insert into ofertas (id, precioEstadia, NOMBRE, Fechapublicacion, descripcion, alojamientoid, operador,capacidad) values (42, 45.79, 'Okuneva-Bahringer', TO_DATE('07/11/2017', 'DD/MM/YYYY'), 'PT Cruiser', 52, 15,10);
insert into ofertas (id, precioEstadia, NOMBRE, Fechapublicacion, descripcion, alojamientoid, operador,capacidad) values (43, 45.62, 'Casper and Sons', TO_DATE('28/01/2018', 'DD/MM/YYYY'), 'Mohave/Borrego', 71, 29,15);
insert into ofertas (id, precioEstadia, NOMBRE, Fechapublicacion, descripcion, alojamientoid, operador,capacidad) values (44, 45.31, 'Rempel Inc', TO_DATE('14/02/2018', 'DD/MM/YYYY'), '300SL', 60, 24,14);
insert into ofertas (id, precioEstadia, NOMBRE, Fechapublicacion, descripcion, alojamientoid, operador,capacidad) values (45, 62.98, 'Abshire-Mitchell', TO_DATE('12/10/2017', 'DD/MM/YYYY'), 'Ram 3500', 91, 17,12);
insert into ofertas (id, precioEstadia, NOMBRE, Fechapublicacion, descripcion, alojamientoid, operador,capacidad) values (46, 66.75, 'Hyatt-Mann', TO_DATE('14/03/2018', 'DD/MM/YYYY'), 'Carens', 44, 24,14);
insert into ofertas (id, precioEstadia, NOMBRE, Fechapublicacion, descripcion, alojamientoid, operador,capacidad) values (47, 70.71, 'Langosh Inc', TO_DATE('18/03/2018', 'DD/MM/YYYY'), 'Passat', 50, 30,20);
insert into ofertas (id, precioEstadia, NOMBRE, Fechapublicacion, descripcion, alojamientoid, operador,capacidad) values (48, 92.81, 'Ruecker-Dach', TO_DATE('17/04/2018', 'DD/MM/YYYY'), 'Spirit', 46, 18,15);
insert into ofertas (id, precioEstadia, NOMBRE, Fechapublicacion, descripcion, alojamientoid, operador,capacidad) values (49, 97.19, 'Haag-Barrows', TO_DATE('19/07/2017', 'DD/MM/YYYY'), 'RX-7', 13, 18,17);
insert into ofertas (id, precioEstadia, NOMBRE, Fechapublicacion, descripcion, alojamientoid, operador,capacidad) values (50, 92.33, 'Herman and Sons', TO_DATE('30/08/2017', 'DD/MM/YYYY'), 'Grand Prix', 97, 14,16);
insert into ofertas (id, precioEstadia, NOMBRE, Fechapublicacion, descripcion, alojamientoid, operador,capacidad) values (51, 38.97, 'Hand, Kovacek and Kilback', TO_DATE('25/09/2017', 'DD/MM/YYYY'), 'DB9', 99, 30,15);
insert into ofertas (id, precioEstadia, NOMBRE, Fechapublicacion, descripcion, alojamientoid, operador,capacidad) values (52, 69.08, 'Kassulke, Huels and Towne', TO_DATE('04/03/2018', 'DD/MM/YYYY'), 'Matrix', 28, 28,16);
insert into ofertas (id, precioEstadia, NOMBRE, Fechapublicacion, descripcion, alojamientoid, operador,capacidad) values (53, 35.23, 'Cremin, Walsh and Yost', TO_DATE('03/07/2017', 'DD/MM/YYYY'), 'SSR', 13, 10,5);
insert into ofertas (id, precioEstadia, NOMBRE, Fechapublicacion, descripcion, alojamientoid, operador,capacidad) values (54, 89.65, 'Ortiz-Stehr', TO_DATE('16/02/2018', 'DD/MM/YYYY'), 'Ram 2500', 92, 8,12);
insert into ofertas (id, precioEstadia, NOMBRE, Fechapublicacion, descripcion, alojamientoid, operador,capacidad) values (55, 70.22, 'Botsford-Cartwright', TO_DATE('11/03/2018', 'DD/MM/YYYY'), 'Coupe Quattro', 73, 28,25);
insert into ofertas (id, precioEstadia, NOMBRE, Fechapublicacion, descripcion, alojamientoid, operador,capacidad) values (56, 20.74, 'Schultz-Botsford', TO_DATE('19/09/2017', 'DD/MM/YYYY'), 'Altima', 93, 21,12);
insert into ofertas (id, precioEstadia, NOMBRE, Fechapublicacion, descripcion, alojamientoid, operador,capacidad) values (57, 80.92, 'Balistreri, Terry and Nader', TO_DATE('09/09/2017', 'DD/MM/YYYY'), 'Envoy', 5, 13, 15);
insert into ofertas (id, precioEstadia, NOMBRE, Fechapublicacion, descripcion, alojamientoid, operador,capacidad) values (58, 26.97, 'Hettinger, Jacobson and Grant', TO_DATE('06/06/2017', 'DD/MM/YYYY'), 'Cabriolet', 42, 11, 15);
insert into ofertas (id, precioEstadia, NOMBRE, Fechapublicacion, descripcion, alojamientoid, operador,capacidad) values (59, 65.41, 'Mertz Inc', TO_DATE('01/07/2017', 'DD/MM/YYYY'), 'Magnum', 57, 1,25);
insert into ofertas (id, precioEstadia, NOMBRE, Fechapublicacion, descripcion, alojamientoid, operador,capacidad) values (60, 9.46, 'Smith, Schaden and Mueller', TO_DATE('05/08/2017', 'DD/MM/YYYY'), 'Discovery', 10, 11, 23);

--		reservas
insert into reservas (id, fechaLlegada, recargo, cantidadDias, OFerta) values (1, TO_DATE('02/09/2017', 'DD/MM/YYYY'), 0, 356, 47);
insert into reservas (id, fechaLlegada, recargo, cantidadDias, OFerta) values (2, TO_DATE('5/11/2017', 'DD/MM/YYYY'), 0, 168, 4);
insert into reservas (id, fechaLlegada, recargo, cantidadDias, OFerta) values (3, TO_DATE('13/3/2018', 'DD/MM/YYYY'), 0, 338, 47);
insert into reservas (id, fechaLlegada, recargo, cantidadDias, OFerta) values (4, TO_DATE('29/6/2017', 'DD/MM/YYYY'), 0, 38, 16);
insert into reservas (id, fechaLlegada, recargo, cantidadDias, OFerta) values (5, TO_DATE('29/3/2018', 'DD/MM/YYYY'), 0, 15, 46);
insert into reservas (id, fechaLlegada, recargo, cantidadDias, OFerta) values (6, TO_DATE('4/2/2018', 'DD/MM/YYYY'), 0, 155, 29);
insert into reservas (id, fechaLlegada, recargo, cantidadDias, OFerta) values (7, TO_DATE('22/7/2017', 'DD/MM/YYYY'), 0, 300, 9);
insert into reservas (id, fechaLlegada, recargo, cantidadDias, OFerta) values (8, TO_DATE('19/2/2018', 'DD/MM/YYYY'), 0, 65, 15);
insert into reservas (id, fechaLlegada, recargo, cantidadDias, OFerta) values (9, TO_DATE('6/9/2017', 'DD/MM/YYYY'), 0, 140, 40);
insert into reservas (id, fechaLlegada, recargo, cantidadDias, OFerta) values (10, TO_DATE('24/8/2017', 'DD/MM/YYYY'), 0, 294, 26);
insert into reservas (id, fechaLlegada, recargo, cantidadDias, OFerta) values (11, TO_DATE('26/6/2017', 'DD/MM/YYYY'), 0, 252, 16);
insert into reservas (id, fechaLlegada, recargo, cantidadDias, OFerta) values (12, TO_DATE('10/3/2018', 'DD/MM/YYYY'), 0, 201, 46);
insert into reservas (id, fechaLlegada, recargo, cantidadDias, OFerta) values (13, TO_DATE('31/12/2017', 'DD/MM/YYYY'), 0, 184, 34);
insert into reservas (id, fechaLlegada, recargo, cantidadDias, OFerta) values (14, TO_DATE('18/10/2017', 'DD/MM/YYYY'), 0, 66, 31);
insert into reservas (id, fechaLlegada, recargo, cantidadDias, OFerta) values (15, TO_DATE('26/1/2018', 'DD/MM/YYYY'), 0, 209, 32);
insert into reservas (id, fechaLlegada, recargo, cantidadDias, OFerta) values (16, TO_DATE('7/11/2017', 'DD/MM/YYYY'), 0, 322, 8);
insert into reservas (id, fechaLlegada, recargo, cantidadDias, OFerta) values (17, TO_DATE('11/1/2018', 'DD/MM/YYYY'), 0, 16, 40);
insert into reservas (id, fechaLlegada, recargo, cantidadDias, OFerta) values (18, TO_DATE('10/11/2017', 'DD/MM/YYYY'), 0, 338, 13);
insert into reservas (id, fechaLlegada, recargo, cantidadDias, OFerta) values (19, TO_DATE('24/1/2018', 'DD/MM/YYYY'), 0, 50, 5);
insert into reservas (id, fechaLlegada, recargo, cantidadDias, OFerta) values (20, TO_DATE('15/12/2017', 'DD/MM/YYYY'), 0, 328, 9);
insert into reservas (id, fechaLlegada, recargo, cantidadDias, OFerta) values (21, TO_DATE('15/12/2017', 'DD/MM/YYYY'), 0, 28, 37);
insert into reservas (id, fechaLlegada, recargo, cantidadDias, OFerta) values (22, TO_DATE('5/12/2017', 'DD/MM/YYYY'), 0, 212, 46);
insert into reservas (id, fechaLlegada, recargo, cantidadDias, OFerta) values (23, TO_DATE('1/9/2017', 'DD/MM/YYYY'), 0, 75, 36);
insert into reservas (id, fechaLlegada, recargo, cantidadDias, OFerta) values (24, TO_DATE('15/7/2017', 'DD/MM/YYYY'), 0, 32, 47);
insert into reservas (id, fechaLlegada, recargo, cantidadDias, OFerta) values (25, TO_DATE('22/9/2017', 'DD/MM/YYYY'), 0, 182, 51);
insert into reservas (id, fechaLlegada, recargo, cantidadDias, OFerta) values (26, TO_DATE('16/7/2017', 'DD/MM/YYYY'), 0, 310, 53);
insert into reservas (id, fechaLlegada, recargo, cantidadDias, OFerta) values (27, TO_DATE('6/2/2018', 'DD/MM/YYYY'), 0, 224, 27);
insert into reservas (id, fechaLlegada, recargo, cantidadDias, OFerta) values (28, TO_DATE('21/3/2018', 'DD/MM/YYYY'), 0, 220, 42);
insert into reservas (id, fechaLlegada, recargo, cantidadDias, OFerta) values (29, TO_DATE('2/10/2017', 'DD/MM/YYYY'), 0, 299, 42);
insert into reservas (id, fechaLlegada, recargo, cantidadDias, OFerta) values (30, TO_DATE('7/8/2017', 'DD/MM/YYYY'), 0, 124, 49);


--		ReservasCliente
insert into reservascliente (clienteId, ReservaId) values (10, 16);
insert into reservascliente (clienteId, ReservaId) values (23, 1);
insert into reservascliente (clienteId, ReservaId) values (18, 27);
insert into reservascliente (clienteId, ReservaId) values (20, 25);
insert into reservascliente (clienteId, ReservaId) values (28, 11);
insert into reservascliente (clienteId, ReservaId) values (9, 12);
insert into reservascliente (clienteId, ReservaId) values (4, 16);
insert into reservascliente (clienteId, ReservaId) values (15, 29);
insert into reservascliente (clienteId, ReservaId) values (27, 2);
insert into reservascliente (clienteId, ReservaId) values (6, 5);
insert into reservascliente (clienteId, ReservaId) values (20, 29);
insert into reservascliente (clienteId, ReservaId) values (4, 26);
insert into reservascliente (clienteId, ReservaId) values (16, 3);
insert into reservascliente (clienteId, ReservaId) values (10, 21);
insert into reservascliente (clienteId, ReservaId) values (26, 14);
insert into reservascliente (clienteId, ReservaId) values (9, 15);
insert into reservascliente (clienteId, ReservaId) values (19, 26);
insert into reservascliente (clienteId, ReservaId) values (21, 13);
insert into reservascliente (clienteId, ReservaId) values (7, 8);
insert into reservascliente (clienteId, ReservaId) values (2, 22);
insert into reservascliente (clienteId, ReservaId) values (25, 10);
insert into reservascliente (clienteId, ReservaId) values (29, 22);
insert into reservascliente (clienteId, ReservaId) values (10, 9);
insert into reservascliente (clienteId, ReservaId) values (22, 27);
insert into reservascliente (clienteId, ReservaId) values (25, 16);
insert into reservascliente (clienteId, ReservaId) values (14, 24);
insert into reservascliente (clienteId, ReservaId) values (19, 10);
insert into reservascliente (clienteId, ReservaId) values (25, 30);
insert into reservascliente (clienteId, ReservaId) values (29, 8);

--		SERVICIOS ALOJAMIENTOS
insert into serviciosdealojamientos (servicio, alojamiento) values (15, 41);
insert into serviciosdealojamientos (servicio, alojamiento) values (11, 65);
insert into serviciosdealojamientos (servicio, alojamiento) values (18, 98);
insert into serviciosdealojamientos (servicio, alojamiento) values (20, 68);
insert into serviciosdealojamientos (servicio, alojamiento) values (16, 35);
insert into serviciosdealojamientos (servicio, alojamiento) values (21, 59);
insert into serviciosdealojamientos (servicio, alojamiento) values (2, 81);
insert into serviciosdealojamientos (servicio, alojamiento) values (2, 55);
insert into serviciosdealojamientos (servicio, alojamiento) values (11, 51);
insert into serviciosdealojamientos (servicio, alojamiento) values (10, 86);
insert into serviciosdealojamientos (servicio, alojamiento) values (13, 93);
insert into serviciosdealojamientos (servicio, alojamiento) values (14, 60);
insert into serviciosdealojamientos (servicio, alojamiento) values (2, 71);
insert into serviciosdealojamientos (servicio, alojamiento) values (10, 97);
insert into serviciosdealojamientos (servicio, alojamiento) values (16, 47);
insert into serviciosdealojamientos (servicio, alojamiento) values (7, 56);
insert into serviciosdealojamientos (servicio, alojamiento) values (13, 25);
insert into serviciosdealojamientos (servicio, alojamiento) values (14, 97);
insert into serviciosdealojamientos (servicio, alojamiento) values (3, 23);
insert into serviciosdealojamientos (servicio, alojamiento) values (18, 20);
insert into serviciosdealojamientos (servicio, alojamiento) values (5, 10);
insert into serviciosdealojamientos (servicio, alojamiento) values (13, 79);
insert into serviciosdealojamientos (servicio, alojamiento) values (30, 42);
insert into serviciosdealojamientos (servicio, alojamiento) values (17, 71);
insert into serviciosdealojamientos (servicio, alojamiento) values (17, 23);
insert into serviciosdealojamientos (servicio, alojamiento) values (29, 74);
insert into serviciosdealojamientos (servicio, alojamiento) values (28, 34);
insert into serviciosdealojamientos (servicio, alojamiento) values (19, 26);
insert into serviciosdealojamientos (servicio, alojamiento) values (20, 42);
insert into serviciosdealojamientos (servicio, alojamiento) values (3, 17);
insert into serviciosdealojamientos (servicio, alojamiento) values (6, 6);
insert into serviciosdealojamientos (servicio, alojamiento) values (6, 4);
insert into serviciosdealojamientos (servicio, alojamiento) values (6, 3);
insert into serviciosdealojamientos (servicio, alojamiento) values (6, 2);

--	ServiciosOPeradores
insert into serviciosdeoperadores (servicio, operador) values (28, 16);
insert into serviciosdeoperadores (servicio, operador) values (8, 24);
insert into serviciosdeoperadores (servicio, operador) values (24, 22);
insert into serviciosdeoperadores (servicio, operador) values (23, 7);
insert into serviciosdeoperadores (servicio, operador) values (28, 4);
insert into serviciosdeoperadores (servicio, operador) values (18, 15);
insert into serviciosdeoperadores (servicio, operador) values (11, 19);
insert into serviciosdeoperadores (servicio, operador) values (27, 10);
insert into serviciosdeoperadores (servicio, operador) values (26, 22);
insert into serviciosdeoperadores (servicio, operador) values (17, 14);
insert into serviciosdeoperadores (servicio, operador) values (25, 1);
insert into serviciosdeoperadores (servicio, operador) values (3, 10);
insert into serviciosdeoperadores (servicio, operador) values (1, 8);
insert into serviciosdeoperadores (servicio, operador) values (6, 13);
insert into serviciosdeoperadores (servicio, operador) values (10, 7);
insert into serviciosdeoperadores (servicio, operador) values (11, 23);
insert into serviciosdeoperadores (servicio, operador) values (25, 12);
insert into serviciosdeoperadores (servicio, operador) values (15, 11);
insert into serviciosdeoperadores (servicio, operador) values (28, 18);
insert into serviciosdeoperadores (servicio, operador) values (28, 21);
insert into serviciosdeoperadores (servicio, operador) values (27, 18);
insert into serviciosdeoperadores (servicio, operador) values (18, 29);
insert into serviciosdeoperadores (servicio, operador) values (5, 1);
insert into serviciosdeoperadores (servicio, operador) values (15, 16);
insert into serviciosdeoperadores (servicio, operador) values (7, 19);
insert into serviciosdeoperadores (servicio, operador) values (8, 29);
insert into serviciosdeoperadores (servicio, operador) values (28, 20);
insert into serviciosdeoperadores (servicio, operador) values (5, 23);
insert into serviciosdeoperadores (servicio, operador) values (6, 1);
insert into serviciosdeoperadores (servicio, operador) values (1, 18);
