alojamientoid,operadorid
2497,3880
515,930
5865,849
4519,975
3776,3967
5060,986
2927,355
1302,719
5112,2639
513,2612
4379,2900
1210,1833
5144,963
4799,2843
3544,3853
4596,1208
2054,68
1899,2388
4060,1412
5482,3095
1086,2263
4363,1501
5021,2838
1617,2818
3385,2139
4184,3732
3437,4114
3287,2025
5,2626
4155,4794
4304,2446
5598,3435
2761,1241
2564,2860
719,791
1952,3903
3486,1525
3815,460
585,2612
76,3786
642,1868
5068,1309
1223,2803
3035,4024
1135,4198
1713,1868
3094,2265
895,2094
5220,3311
3566,4217
3044,4628
4304,4762
662,1916
5700,4904
2511,3922
2644,1480
1780,654
5712,1473
745,4299
3202,339
597,1689
5030,2457
5053,2853
4657,2461
4146,1118
4004,1626
3956,4488
3278,3051
5221,1682
5560,873
4840,464
4895,3142
4322,771
4405,1087
3178,2836
2439,1043
219,3765
2402,4962
295,4461
132,1451
766,985
1860,4241
2539,1278
5270,3754
2839,4537
2523,4282
5061,4236
386,439
1388,2446
3198,3207
5528,3503
1173,974
3158,1712
4647,3459
3701,2776
1259,3129
3286,1394
1333,3473
2507,3478
1863,3789
2297,3190
1877,4259
3865,3564
952,3698
1317,4641
3024,2770
2249,4501
4423,1030
1769,3705
347,2983
718,1631
2187,1517
4289,680
3557,861
1721,3985
3457,4442
2562,1973
935,3761
4764,3285
2772,1574
5428,2048
312,2239
4803,1226
850,211
372,181
314,1602
3419,700
2091,3999
1206,2647
3311,4809
1274,3616
3641,4494
2136,2621
5910,1817
5339,4446
3780,748
385,2080
3509,4654
2011,130
354,2715
4499,3226
4,4438
425,1596
2258,3750
5293,1045
2118,600
1106,3551
2384,878
2759,1546
2908,546
3855,2017
5048,1824
3872,2583
5137,3997
4616,3073
2308,872
175,3495
5182,4067
5495,3052
1894,2905
599,2587
2257,3511
43,3381
3756,3230
3339,2747
2461,2048
5589,3689
2190,3262
4062,818
4006,1787
4769,4753
2512,2952
4148,1343
4813,4991
1968,2748
5292,687
3433,4169
3831,3294
4455,2925
5804,2987
5937,2198
896,1505
2566,665
917,2754
4955,2111
3561,1333
3938,2706
419,4829
5341,990
957,570
1470,359
1358,3707
4683,4742
738,3133
4878,580
238,1165
5027,4405
2894,4721
1736,1949
259,1696
4350,1029
4363,1338
2656,3353
5106,1985
2150,3599
783,2897
286,3599
3040,1534
857,2060
5122,3999
3974,1018
3007,808
3528,2639
1806,2426
5254,2456
1769,2847
5456,393
608,4402
5477,714
2354,2034
1218,493
3839,4877
4922,3645
3761,4723
2153,916
2755,190
514,2300
2753,1241
484,4950
100,1209
4911,4647
3666,471
5659,1060
202,757
723,2330
3102,174
5329,2879
4220,1766
904,302
555,519
3132,2167
240,4666
5625,1284
539,1170
3176,3329
2133,4964
1823,3478
5207,1273
2790,2215
5308,1410
2718,3484
1982,2519
537,4755
839,400
4930,3594
4043,1666
2964,3264
2776,3767
753,3110
4238,2848
2303,1609
5341,4488
3807,4456
4317,1202
4543,1967
1827,3721
4245,3036
1449,4954
4751,1141
2127,3822
1174,3473
3863,2832
4453,2665
3629,4722
1396,1037
2467,1160
721,4678
384,1129
3227,1819
4172,350
1920,1404
3592,1590
21,4434
1495,4262
4280,1700
2098,2658
5042,1063
1592,3802
2528,62
3471,2746
5842,948
3041,1902
2265,3171
4847,2847
2309,3269
2964,3821
2819,930
76,1410
5293,2775
3109,1962
5092,3088
5451,670
1609,3165
2837,1408
4559,1798
2348,2524
5667,3097
3139,4570
2474,3924
3674,218
1916,1170
1095,307
1440,757
2594,1571
2511,1229
94,3376
5016,4754
3092,4744
3315,4116
98,3524
3616,1189
5880,4832
3542,1085
4935,4061
669,2640
5502,4872
2242,829
942,2010
453,4038
1457,107
811,1734
2084,141
4686,4244
5000,866
5031,2621
3701,2556
5368,4928
3700,1021
2213,1481
5701,1161
908,4249
1715,2660
1346,2846
1565,2200
1437,588
4265,4457
5027,2540
667,3908
5427,2398
2875,2155
5900,4004
2896,74
5671,1028
2718,344
3807,3636
3458,1329
2741,2424
1339,4702
668,2400
5740,4769
4173,601
4311,2931
1890,4201
1429,2757
5555,523
2146,384
813,2629
5172,1108
2140,4527
1441,4438
1077,1050
4855,4385
1447,3133
3652,3257
497,1151
2104,757
2988,4941
1798,4851
1858,4660
622,4763
5364,2331
1862,3531
1507,3703
1989,4906
284,3577
2542,4018
5836,3511
865,977
5085,2419
112,2793
3012,3902
5263,2626
5255,850
328,508
2312,111
4215,4712
1249,1877
2056,95
3238,756
3603,4532
4829,1424
1157,529
3734,4395
1603,1200
3383,1386
229,4414
1931,4079
2661,161
5989,3545
2077,1711
5193,3633
5964,215
2411,351
3951,2651
497,2888
663,4168
4484,159
3433,360
2539,2947
3738,593
4996,1929
4667,2761
2363,4571
183,334
1638,4546
1662,3450
2567,3664
4751,565
5434,4281
5422,3866
2549,1279
5208,4156
5784,135
4859,4246
5720,4772
3960,4413
451,2299
5276,1899
4447,2460
5257,33
1631,3337
5617,2073
1082,3398
160,4974
1630,2861
3504,1507
4637,198
792,4714
1379,2772
5097,3826
2692,2785
4768,4540
2142,4008
1242,2577
197,4066
612,3422
3153,2604
3774,80
2454,799
3072,4410
5395,2954
1608,1626
1099,2534
2255,1162
4384,2467
3403,1855
1696,3397
3993,3566
1544,4530
4183,866
1134,397
1567,2774
1089,3260
3614,4307
3489,1814
688,3484
2877,3239
5815,1190
1881,721
3794,1267
2400,4077
4701,2226
3670,2252
3331,3379
4668,153
611,3413
5647,3539
1784,1314
4787,3561
417,1876
3148,4424
3087,1087
608,699
4533,1580
212,483
5896,4703
5999,2946
4932,3630
1610,4456
5839,1850
1212,3879
833,2514
5560,1220
4400,3955
1495,3287
1125,974
1559,3367
3150,2926
4813,4257
4900,1505
1977,386
4475,1081
1112,1926
4992,4329
2504,307
171,1018
3971,3450
3594,1024
5229,3745
1125,2890
3329,3671
1335,3562
2619,384
992,4
4367,1830
284,1109
2632,4990
5771,1460
1468,1268
2094,1073
3285,4015
1983,4903
4222,4145
5399,2625
2189,3369
4384,762
4363,4015
5901,1900
5881,2525
4727,3909
319,2212
2770,3844
102,1030
5852,2117
1527,885
5583,766
1364,3693
3214,1043
3099,3118
246,2115
3649,1992
1117,3396
1943,2992
5193,2400
4692,2582
1981,1423
3249,3307
2091,2026
4731,2958
4461,2113
3902,3947
726,553
5750,2505
2960,2179
3988,1813
1058,3280
1614,3190
3340,1678
862,2880
683,3788
4810,3332
4521,4567
5488,2187
2475,1353
5231,4713
2709,4490
5118,1385
2268,3076
4518,1389
1510,2993
1448,276
102,4930
188,3606
4857,271
970,3614
5606,4948
2213,1985
2751,2019
4117,3014
502,3621
5897,1639
1722,1647
3960,2255
4499,3087
3637,1745
2762,2453
2783,4624
3381,3139
1490,4792
5735,3529
4741,2880
5009,4802
5003,1960
1692,3686
4361,293
4356,1985
1361,3237
1490,3100
3651,5000
2057,3577
2692,3614
5304,2777
1405,1435
5401,2301
3016,1895
5483,4568
3934,4425
3540,4007
4170,2124
4628,1389
2750,2763
4658,4727
5586,155
5061,864
5483,564
5968,4194
38,1789
3230,980
943,2740
4258,2295
5023,2664
2316,497
2024,4335
3575,331
4779,3083
5981,3558
4949,545
4074,445
1139,1510
2568,3845
3119,4679
1020,642
5366,4092
3402,4763
3510,3493
5163,2725
5501,1199
4328,4728
4080,1542
2704,4710
4169,644
11,3394
2526,3673
2505,1341
2159,4001
3230,715
2573,1726
1083,2944
1482,3733
2034,2125
2858,1139
2100,4514
3924,4079
5625,2675
4598,2950
716,677
4667,2741
2485,4014
3736,155
3112,1233
3374,1776
842,2302
441,2315
2752,1819
1130,2967
1604,1540
202,2417
5688,1699
2503,4379
2728,370
2728,243
1319,1588
2028,1697
5078,1876
1505,3290
2750,1056
5464,972
4699,628
1679,1793
110,1935
993,2803
1817,2419
5324,1769
5622,3279
2098,3704
5841,2648
397,1784
5154,4841
1502,3138
4058,997
2820,4055
5670,2004
3305,4644
5655,2299
4430,680
4416,4203
1879,3057
5399,369
5519,2600
3844,1020
2547,315
310,825
4111,4682
2856,3607
5465,801
479,4428
654,1746
545,1789
83,3503
4983,4461
5588,66
1415,1513
2938,3604
3266,2302
606,4985
2429,2144
472,2382
146,2810
398,1110
2927,635
424,3770
3505,4282
1333,1016
1228,3092
3283,1499
3602,4289
1717,386
3026,2477
553,3602
868,4351
4079,2283
4207,2623
570,307
3309,984
3382,1468
4087,4323
5972,4082
2993,1636
2510,265
4599,4819
2171,2664
5486,2965
2689,4723
5994,2281
2301,3225
3275,1463
3354,1846
2289,1520
3289,3654
4838,322
1640,99
1731,3293
5429,3950
3464,3736
5213,3342
3787,3623
3626,3993
524,4057
3960,3963
4260,4034
4599,3545
5042,1634
2579,2501
3005,403
3278,3344
2927,4287
4868,2203
4137,644
86,4378
5385,1395
5512,2852
1030,2543
608,4082
1342,3730
3086,58
2834,556
3075,3670
2596,1452
2598,2212
1226,4991
912,1377
3273,4743
3440,227
3333,1205
2866,4869
1979,979
2581,3594
2865,2331
1498,1755
5283,3506
5450,2715
5104,101
5441,4237
5224,2184
3276,1565
3199,400
5484,4957
5291,2521
2705,2629
5405,2799
789,4447
448,4507
2133,578
4180,3762
3678,4184
5094,839
189,1212
3751,4196
2141,4521
485,3483
3663,1486
2539,1158
326,3858
974,2924
1247,2187
5706,4251
2461,984
2594,3206
5113,591
5158,2422
5124,3446
4109,4165
3338,1346
5830,3016
846,2496
908,2022
5823,4283
469,2013
15,183
3460,2602
4276,3693
2119,464
69,4647
620,2759
4649,419
3479,324
2011,4004
4258,4768
2265,524
5996,786
4867,4538
4477,11
371,2134
4701,4365
4984,3702
1892,604
818,1855
3739,3433
5968,970
934,4923
4716,410
2145,283
660,4571
3419,2138
3589,1444
1976,2116
5145,4139
1674,2784
1606,2004
651,4598
4948,1970
5578,1458
4384,1820
314,382
1330,4657
5850,512
2076,3092
3894,1278
5021,142
4170,1070
4549,3889
2380,124
1702,244
5957,1345
1208,4773
207,10
453,3636
807,244
352,3316
5619,3429
1843,1905
4470,1372
2124,437
3913,4676
3785,3092
868,2885
3626,2469
4204,4217
5251,4992
4055,1911
5333,154
3304,459
3391,727
5589,953
4161,2116
2898,4656
5967,843
2083,1790
4500,3404
1436,2157
2574,4020
5007,4287
110,1955
466,4410
1487,1969
2343,3957
1014,4809
3479,638
4721,1363
5364,2314
4163,2621
4405,4317
4136,959
269,1136
4667,1134
15,1460
5038,3688
5404,2075
3757,2473
2549,1150
2139,4786
1851,190
5951,2766
5075,3989
5030,236
4223,310
2016,3382
1730,3284
3715,4060
2640,960
2262,3695
5785,3195
1815,2799
5300,1535
3187,244
951,1232
5599,2715
3482,2665
597,1111
4409,1108
502,3451
4608,4202
179,195
1892,2631
2440,4671
3528,4911
2442,720
1868,4114
3673,2962
5697,452
1265,2932
3731,3451
1873,3695
420,1186
5595,1623
4694,835
4371,4978
3993,102
4769,807
1977,454
1497,2394
5332,2638
5926,2172
4657,708
3596,2736
7,4870
761,635
3697,3354
2415,1779
395,4987
3363,4682
3143,3593
3533,4682
2677,2946
1726,4922
4844,4381
5190,4119
1328,471
3120,2227
2960,884
3405,4991
5882,4179
2788,1900
4647,2403
2219,2464
798,1538
5861,4238
2427,3821
5103,1844
5508,793
610,3016
1733,3545
276,2331
4379,3443
1726,2108
5218,2425
3463,193
1220,4424
113,4486
2135,2346
4653,1547
2508,287
4399,2017
1528,4858
1562,3164
344,4107
3519,3849
4341,419
5648,1880
2469,2737
2573,371
3163,3931
641,1281
5890,433
2766,3688
349,2163
3069,2002
4213,45
4290,3182
3743,4700
1096,956
1122,2418
169,3052
2196,4160
2702,2305
3016,2957
2058,856
4877,564
4447,579
4945,599
1911,18
3937,3494
1148,497
3834,3578
5008,764
3252,3819
3882,31
4288,1779
3075,681
4938,4201
1753,3868
22,2934
1655,1576
4754,3288
3300,4835
5604,2355
2503,4575
612,3461
1337,656
3668,904
5026,3982
4750,2826
1651,3467
3284,1016
758,4324
3218,482
3765,2272
842,3300
1192,4768
2236,3305
3809,626
3676,3283
1526,661
5320,4169
598,2295
2520,2978
1808,810
5793,2392
1744,1965
1953,813
934,497
4829,2533
1260,82
2507,2610
4728,3738
2910,3874
5050,4747
225,4851
4561,3028
3247,2208
5144,2063
584,2889
5184,3507
3607,2382
716,3691
516,2604
2477,3953
2030,1013
4635,3001
5622,2304
1362,776
4019,3154
4775,544
2200,4661
3416,4925
3140,984
5262,3059
4038,4069
3694,1884
5844,1363
1898,3109
5242,1808
505,37
1782,3610
598,4762
4900,2667
2268,1263
1370,3747
1782,4523
1327,4564
1878,1001
4306,464
693,2714
4490,650
4933,3822
2259,3072
967,795
1961,738
4960,4181
3338,2461
2864,655
2498,3331
5242,1082
3504,997
5287,3584
5857,108
5276,4916
1889,1937
1913,3538
1919,295
1264,3177
2865,1547
3972,4004
4964,2470
2412,743
2107,3183
4291,4184
1284,281
1445,216
3851,840
5496,1354
4736,3221
2993,3217
2318,715
4170,3898
3420,1548
2441,3675
1423,2782
5963,4725
2246,1586
4957,1446
2170,4145
342,2050
5747,872
4444,1172
1602,4998
4630,3644
4227,1339
5136,831
2398,4568
2366,855
4241,1696
1488,1582
3098,2882
3738,562
1728,2641
2805,4511
3689,103
4873,1932
3377,1330
3199,491
3492,4481
5120,497
5608,2842
97,547
768,2029
436,1460
2161,546
2822,4719
3074,3493
5969,2739
4272,443
4411,727
776,849
2567,4964
5863,4359
5048,4549
2881,632
4717,2657
417,2385
164,1529
1985,1309
773,4507
3110,148
902,3552
917,4938
3614,2245
5500,1651
1586,3520
2502,1795
2568,4765
4052,1148
3390,1309
257,3122
415,1601
4408,885
1398,1949
3055,1791
2729,3014
2313,1734
2970,4671
4858,1568
1226,1313
3245,290
1071,224
3923,1340
1,4178
2738,219
2088,1660
299,3682
3286,4986
167,3929
2128,4726
1078,4003
4574,2683
3143,1602
126,4069
510,172
1713,1156
3804,2750
4985,4308
1793,3794
3452,4312
1735,3878
4572,3000
263,4660
450,468
2595,3196
534,4890
5577,2089
1358,1867
2382,1063
4531,2307
3466,3070
1436,1808
4177,4941
2744,3886
1326,1357
808,2024
3798,3849
4701,4198
1742,2738
4838,1370
5709,2801
1365,4995
5295,2874
2673,659
2656,2409
420,3403
516,3264
4385,181
3410,3153
688,4108
4312,2625
4419,1876
5391,1120
1653,4287
1313,4028
5059,4124
2557,3175
5821,1701
4302,1229
5783,4389
5138,76
103,4681
2586,838
3517,1680
5073,4161
4881,1836
2311,440
3844,4266
1456,2341
5066,1472
4924,1923
4791,3180
3221,4594
3064,4303
5561,4008
102,2378
4423,1015
2597,1008
4163,2587
1328,4525
1586,4346
2954,3204
5268,3526
177,3590
2409,704
4767,3281
2577,958
2661,3893
1341,287
1349,2109
5753,4901
1593,2805
5294,951
1014,112
4156,4151
1765,819
4695,1726
5133,3394
5576,4721
1399,4676
4576,2653
5832,4356
137,251
1529,3244
964,2078
1845,3257
5832,1198
919,1432
3577,1989
4005,3842
4026,2836
775,3479
5434,3469
1196,2364
1013,1315
1927,3850
1157,1965
4025,82
264,4501
4540,332
4307,692
5205,2642
3128,2723
2979,355
4791,3060
5222,2537
4564,257
4854,442
3044,3719
5293,4626
4871,1581
252,1374
675,2587
1088,4251
2746,2745
4771,3410
3159,282
2407,891
1573,102
4206,835
5572,1743
1363,4366
3526,4161
2159,1772
4654,944
234,19
5226,386
281,2962
1872,3840
2139,983
461,2757
1023,3097
3210,3733
5342,299
5746,3183
3804,1818
2613,3470
1746,3314
950,728
42,3170
607,214
3420,956
5900,4376
3634,138
4328,4698
1195,4055
4022,2762
3274,1271
1327,3906
684,62
5943,3769
4186,3806
4140,1571
4020,2931
4080,2986
208,3338
2526,1551
1487,3504
2105,2077
4546,2423
5545,1251
562,4731
3727,1522
512,312
4008,4685
5212,2239
4974,3894
4087,2464
5019,3970
1441,1028
1249,3999
2244,2807
5877,1180
1811,4201
2968,2395
4981,1556
754,4805
2776,4511
2651,4772
4338,2470
4825,4698
4756,516
890,3659
5284,2813
662,3440
971,800
2685,4721
4124,1302
5748,2020
2848,1778
4407,3284
5159,2153
2063,453
5631,4988
5291,3006
2699,3397
3426,3792
2688,2723
1221,2464
1785,4657
2824,1058
5629,4687
2026,3642
1321,2860
4263,3138
1448,567
4029,4492
3660,4953
3719,921
4889,3871
4635,537
2454,3496
1374,2013
3237,611
4866,1182
1849,3702
3305,4592
796,4007
1809,3055
1023,2103
5599,1870
5403,3490
2799,2566
1482,4475
2663,2935
4003,3971
5826,2648
4602,1649
2163,4481
985,4391
857,366
4564,3234
5260,2857
1843,4610
3252,4459
5886,2415
5843,2383
2369,4818
2014,3002
2127,1458
2856,914
3714,2035
5972,2477
4801,4198
4580,1281
4353,1635
2875,13
4328,4331
296,2117
4979,632
540,3164
4537,1044
2649,2770
1500,3378
132,908
3617,3471
4194,460
3547,37
2127,4600
4013,3926
4966,1554
2983,2640
5946,4771
4747,1515
1171,1311
5872,2455
1578,4120
4366,4267
1141,2457
1078,817
314,2871
2201,1140
1860,3074
3805,3569
2958,3541
3023,3607
2247,991
3339,1493
4761,1421
5385,4501
3185,345
5403,358
3043,3787
4305,144
1190,333
3398,4762
5161,3599
5498,4497
1615,3832
4187,1550
5798,853
368,719
4358,3124
5788,384
3448,3486
186,4918
4644,4974
2965,3618
5679,2130
4510,2615
5743,3000
1155,3558
2013,3682
1845,3330
3081,2688
4179,1240
4933,938
4386,425
537,2162
203,658
2455,1198
479,4232
207,1949
3084,4509
4537,4432
1439,2248
2935,751
2586,2829
309,2085
3150,3734
792,905
4567,1395
5620,2828
4568,3422
1015,4687
1740,1982
49,1512
2722,3193
4279,2710
5905,4106
270,547
5846,1836
1133,1337
3904,4652
5372,4954
6,4698
5314,2689
2251,3321
4429,1233
2035,1279
831,3012
4864,3429
4600,84
2911,4289
2379,920
812,2387
2320,1908
3027,4689
4395,4470
4343,1283
1850,361
1257,1506
4276,729
2542,1151
4765,137
1301,1569
3019,787
3969,3256
4731,1887
4685,3867
2238,1668
4101,2853
2379,4614
4573,1320
877,3497
176,4398
2645,1889
1445,4013
678,3871
1952,3296
3767,2379
2488,2956
2076,651
445,2627
4793,751
1624,1557
1933,3591
3101,3335
4097,3890
3092,1566
3647,679
4088,805
5796,2380
5030,4773
538,2656
219,2509
1894,2166
5194,4224
3308,3450
5432,1720
2048,3130
411,384
2156,4315
5998,391
1690,3288
369,3306
5333,3886
1440,3864
5771,1558
2887,1915
3732,1866
5284,2802
3244,2410
3549,4299
2856,1668
476,2191
2059,4022
1287,3216
641,2992
35,13
489,637
2947,956
1418,3125
2065,1969
4012,3654
2980,4050
744,1808
558,4554
232,1121
4248,833
5955,4013
4065,4365
4230,2307
2292,2952
5863,2104
4826,4517
4457,777
153,2080
1981,4325
3601,2973
411,3371
3558,3224
5233,1044
4280,3886
4006,4915
2296,1019
5934,4517
1930,236
1809,1494
3487,4609
1925,3373
386,4141
2117,3019
1475,2068
5192,645
4721,803
3737,2306
426,2724
2271,1145
2916,3003
1527,4980
602,1868
864,3965
3722,3867
1575,3171
4346,4901
1320,3481
5691,2776
3357,2210
5645,3556
3964,4465
2409,564
915,1566
286,1662
2326,2478
2924,4594
2759,3633
5347,4396
2028,1374
906,4524
5760,552
1993,2115
815,55
4527,3222
1645,180
2031,2779
2025,667
1062,4143
4707,3025
3202,94
5275,1054
2860,4094
3850,2098
2712,2270
4116,3052
912,4345
2694,1473
5404,2728
834,4402
3389,1372
3098,1506
5057,3098
3481,783
3510,412
1633,1213
5717,277
2768,3808
4654,425
4722,2519
2043,1872
2405,3072
4628,2340
2393,2234
2021,4048
2320,2629
5963,1706
2059,4789
2920,4826
799,3664
5375,3264
115,1646
4908,4826
932,1008
4672,3163
5623,1309
4513,903
4321,1541
3723,3212
3315,245
2366,1468
4768,1674
1405,705
2282,2695
4582,1656
2066,3635
1622,428
3644,63
3449,1985
531,2243
594,669
4860,3243
3881,4735
2528,2977
5838,1303
5363,1801
151,1390
5121,4053
5598,1370
2501,2379
3115,3522
2386,794
141,2663
247,4189
1773,3728
5408,2257
5050,3672
5470,335
3831,3401
366,2932
3071,4868
2159,4997
3541,1833
748,3140
3408,2655
770,1848
5423,3517
3824,4212
4594,3568
891,2057
1444,2238
4529,4162
3457,2910
4270,455
3171,1305
5770,3437
4249,4510
4797,2402
4230,4976
2684,1674
5230,2388
5406,3767
529,2160
2293,2415
4800,1325
4442,189
939,991
5502,243
2068,4416
3000,3498
131,4776
2572,1222
5522,4074
455,2238
402,1436
2358,4015
360,1544
742,2978
2151,1084
5261,4781
4561,1939
5284,333
2318,1382
5551,4910
3443,2489
2072,2349
681,973
1089,4289
432,398
1981,2196
99,602
2484,4704
3279,4394
5351,4988
827,24
368,3632
768,647
215,4022
3210,4133
4992,4297
817,4341
4367,745
5309,3504
359,3768
5595,3457
4696,694
3654,778
2722,3547
3795,4584
1885,2222
208,613
147,3923
5828,4890
2161,81
2453,1350
446,3183
1064,2750
1880,2400
4068,3919
3625,2951
4200,667
2714,837
2790,1933
2890,873
705,2817
2336,3108
4959,1447
2784,867
5487,4578
96,1777
37,2428
3731,3669
1954,2185
849,4485
121,1654
3867,3763
785,3421
5832,637
5600,4849
751,2273
2387,4900
441,2999
3712,3316
1380,4864
5752,1789
377,270
1155,1632
2207,3874
5785,4524
4972,369
5564,2212
221,3778
3353,420
1686,3548
3840,2369
3549,549
4678,562
2674,3508
4039,3859
3756,828
1713,3930
5815,4991
2585,2312
3031,2285
29,2762
4601,2418
1570,4732
623,4775
1827,3119
3686,2601
3373,227
2503,3790
2377,3991
5333,1992
4005,3546
875,2170
4338,1208
538,2050
3914,3975
1891,4386
2608,953
3346,4779
2644,8
5126,3829
5231,3484
2856,1236
5209,46
672,4778
295,4214
978,3753
3256,972
3327,384
4429,4204
3413,4982
5023,665
5144,3645
3955,454
282,4081
2877,957
4152,3519
5599,2110
1638,2597
1935,4046
3125,32
2282,1079
4384,3879
4463,314
4445,1303
2442,2745
3151,3603
1040,879
4132,2032
4721,3171
1933,2236
2642,4402
2104,2493
1599,2643
1957,1028
3348,709
767,3289
3443,3508
3543,1767
894,325
2991,626
3578,2111
575,1035
1055,4232
3602,4770
532,2506
2249,2986
1461,3034
5474,2606
1427,405
3981,3570
882,3145
5833,106
5640,563
5754,2103
1772,2690
5060,1021
3364,2154
3767,4822
2395,10
1297,3307
1819,185
3962,3569
2588,4064
776,4654
4259,221
4662,2146
2371,2675
2419,3898
4281,3067
4486,685
2601,2340
1591,2684
3374,2605
5670,2178
1438,1346
3127,2440
1111,2569
1239,3940
5401,1222
4647,3624
2333,4425
1107,2947
5586,4658
5005,3026
5018,857
686,253
3148,3452
2873,1460
3212,3048
4924,2600
1293,2270
4415,2415
5361,4796
4983,1453
2585,246
2525,3588
4523,3993
5357,318
2529,3984
5648,793
4281,2824
1727,4221
5112,3283
407,106
4580,2562
4947,2624
196,2969
4216,3884
3659,2716
4502,3250
723,3545
4939,1554
2777,3160
2475,1611
3873,894
1989,2196
5647,4701
2557,4887
5471,3121
2867,2506
47,2107
2833,4633
5036,2725
2804,1427
3773,3485
4851,408
4262,3797
2301,4021
2775,4912
5649,4453
5130,948
5717,2808
4341,915
1843,915
2468,4126
220,4144
5714,50
2215,1072
5504,2712
1836,4160
5340,500
4050,2367
5227,4414
3360,4751
4069,1231
2673,1721
5524,2896
266,4668
2698,1679
1790,2782
2854,1404
3202,850
3265,3957
4269,2333
3345,1792
3684,785
1930,49
5833,2951
1591,1135
4777,4960
5718,3486
5688,3863
434,4495
793,107
4772,246
2370,1699
3289,1205
4827,2503
109,3848
2043,2921
3656,4255
3067,78
5106,4878
2783,1486
4291,2049
4388,2642
1473,3369
4522,2118
2410,750
3408,406
4024,4567
2097,3463
2975,2231
1169,374
1323,2100
3884,3592
3981,3276
3624,4712
4846,4064
581,652
2217,1114
2431,3809
5042,415
2008,90
1475,4967
2014,1475
1838,2942
4292,3808
602,1937
1425,3149
3863,3265
4474,3772
69,2499
1055,1451
4883,147
4908,354
3125,70
1248,103
1393,3001
3757,1494
1661,3047
2469,3942
4252,1877
3336,477
5143,3529
2157,2250
2178,791
4931,3125
1332,1746
5603,284
5747,607
3120,4525
4569,4004
3478,2670
5940,2558
5760,3076
1750,992
3847,719
1926,2975
3783,2473
5045,901
1243,783
4922,2052
1869,1009
2762,1428
1286,3039
4053,2331
5522,163
81,4615
5671,3231
5427,4305
4918,4851
505,1146
3547,2018
5757,1244
417,3564
1340,3443
2783,3014
5194,440
5400,2085
5454,2270
4990,1004
5965,3611
1668,1097
4189,3070
3339,2032
3432,410
4736,1632
2880,2834
5650,1155
4884,3968
39,4417
21,913
3293,1568
3448,1461
404,3248
4551,517
2046,1951
1159,1491
5533,2841
2431,710
2661,1286
4819,2647
5133,149
2544,4710
3746,445
2121,3299
2048,4003
365,1774
3066,3051
2107,1779
571,1627
5134,3292
3640,4721
1093,1170
4464,1655
2218,395
358,1670
3022,1160
2119,3679
3620,847
5909,2218
1298,2029
4748,1837
1813,3041
4215,730
4988,4114
562,2099
4793,2702
1284,4944
1826,3006
2283,4627
4291,4527
5812,3236
4644,3527
3552,4686
4984,1929
5291,2604
2581,1147
4447,358
536,385
5022,1471
2433,1368
3107,4481
947,506
5146,3800
4420,3540
4493,4256
5600,4574
585,1251
231,2274
1325,290
2937,1084
4982,1819
3498,1550
3222,4810
2557,2244
3296,3650
4101,246
3378,2336
2037,1403
231,4126
4694,1521
3910,4577
5351,2801
2480,920
5081,2291
2141,1283
1814,582
4014,4239
936,1771
5805,295
951,1595
5839,3863
585,3780
1134,3015
2874,4761
4185,2404
1563,3611
156,142
3353,4758
2770,501
5364,1044
5740,610
5555,3016
2111,4369
2137,477
3486,1822
1223,2938
5104,1551
5386,3511
1670,3481
2668,2792
4796,2322
248,3095
4625,2032
1292,3855
2203,50
3457,529
4491,3172
1422,4650
3437,4450
3069,4132
2286,1640
5929,2767
3146,606
3288,3014
665,3438
4103,377
391,2950
752,4560
1279,4643
2476,647
1778,60
4157,4879
3091,4768
5866,2428
1089,3338
3269,3106
5720,505
1206,4720
4622,1183
4598,4239
127,4991
307,1020
2979,1993
4595,720
683,2843
3741,3654
152,1994
3300,3350
1987,1666
1457,1242
106,2235
1829,2748
1700,1863
1686,3126
1457,898
1320,4890
5410,3285
644,2980
2877,635
105,4478
55,3365
1875,4358
328,212
2457,4859
1602,746
4638,1221
3909,643
3601,1361
1382,720
5271,2013
700,419
1814,3289
5692,383
2811,4116
4663,2419
3742,3822
4039,3741
84,1430
5936,3822
3743,1339
4797,4025
1457,3183
4755,1687
5934,1400
2808,1598
2367,3672
1198,3275
4188,4916
4109,2269
3444,999
3369,2186
1492,4656
2306,1639
1695,3387
3092,980
2121,2207
5817,2112
1839,4548
1043,507
5218,3744
3249,1268
4574,4200
1374,4118
875,3232
555,4857
3562,3489
5473,3897
4949,3649
5826,1732
4511,3874
2656,1027
5121,2536
1801,4046
2002,1196
5293,4493
3081,4498
2445,830
1487,2028
2656,1084
3005,3563
1964,1017
3619,3007
2492,1055
5373,1642
3093,4921
5412,4977
5059,1444
2148,4278
1543,1185
761,1852
2410,2939
4412,2613
4528,2527
3318,3371
4857,2124
353,2254
2878,2092
4752,2462
2867,2138
5337,4431
5882,3934
3994,4225
5583,1679
5974,1590
4012,4394
2206,440
724,2313
3187,325
5483,515
809,415
4908,90
1746,4758
4937,4274
3540,4528
3750,480
3208,3100
5460,1964
2325,3097
1088,759
5519,1266
416,3841
616,3864
700,4237
1923,1208
2138,4874
1147,1100
5523,4001
413,345
5628,299
5314,2838
5907,600
4487,3334
4106,326
1324,3622
5688,3344
3016,2697
1048,483
8,1345
4452,4517
476,3315
3080,2079
5797,2448
2502,1589
315,3710
5277,1190
1878,2041
2269,2627
1227,1043
450,4820
127,4516
5243,962
5743,2259
4325,2371
4273,2945
3994,4001
5547,2600
1930,3190
165,2266
3019,4473
5870,2496
3688,1232
2369,1384
4768,4247
4043,2822
862,1853
407,4270
5093,391
5779,2454
3677,897
1052,4393
5402,2862
4909,2033
5484,470
2654,1277
1429,144
4276,1477
453,864
2796,4818
432,2580
4892,2437
26,289
3794,4970
2439,516
287,1811
1447,1683
986,3534
2724,2754
5724,3986
3317,1864
2015,877
3153,3591
3684,1933
3865,211
898,246
787,565
2492,4833
27,2216
4618,3857
1233,4564
160,3298
849,4094
5843,4784
1048,216
5299,2129
5040,2156
671,909
1123,1450
4768,2521
5441,4225
2097,1150
265,4253
1132,651
3169,2080
1876,1276
234,3482
3691,3029
2106,2753
5819,1411
4385,1608
681,1057
5417,276
351,1191
4789,4274
4842,2592
3943,930
5478,118
770,184
5406,968
400,4749
2837,903
761,3614
1137,4011
5906,1558
338,2618
1183,2379
5273,3251
3226,1450
489,3920
1593,4621
5446,736
603,3696
5067,141
3948,2033
3784,1896
4743,4474
1970,4540
3831,4126
3683,3744
903,3014
5854,1026
3702,3933
1691,403
5284,3170
1873,4456
4453,4128
39,4124
1758,2263
1363,2082
2859,2073
3948,1114
2840,903
1393,3023
1189,1109
818,2185
269,3486
3463,3601
2033,378
3805,3460
634,3554
474,3949
1286,4903
3752,3646
4003,1420
1313,4927
5159,1917
213,1508
4658,2588
11,430
524,380
4738,808
2550,3860
3079,1596
2906,4351
826,410
4290,3299
405,685
658,3841
319,1601
4934,3174
3252,1424
1330,4150
4448,2591
940,3784
1880,172
4868,2734
4524,2987
1945,3447
3474,2843
4617,3376
5275,201
3775,2215
3346,3854
200,4393
3514,1740
2428,1621
5539,1968
4385,1660
2813,1275
2676,1705
2184,4412
1633,4006
3441,111
280,4310
4291,4699
5252,2949
692,1682
2602,3883
3134,1949
2211,1588
3112,2930
1143,165
5071,3718
2781,806
3373,1708
5128,4900
5949,1534
5556,692
3917,470
2492,4198
5515,892
5543,4578
5653,1545
4377,3886
2190,2127
2229,2658
5015,4533
2808,2865
4617,2473
666,4695
3060,4914
2947,388
3854,3513
639,2296
1249,4308
2036,1908
3488,577
3000,4978
1769,3626
5158,1179
5342,3770
3964,2939
3733,1102
3766,4890
1116,2722
3349,3285
4131,373
2500,4353
5126,3323
1000,2196
193,633
2180,649
5703,140
898,1095
4448,4444
4946,3324
5480,1848
2798,2456
5639,991
42,1429
3041,2256
420,4278
1162,1928
122,2237
2670,1131
5648,1687
5524,3387
274,4943
4521,4818
2670,1789
332,904
4037,2973
4495,3072
3540,2710
1097,3988
3118,1880
1827,2787
3159,3470
168,961
1881,1659
4414,1446
597,3446
4584,2812
2506,2118
4531,3149
5733,2055
5353,2476
3887,3606
861,1185
315,391
3981,4893
3311,2641
2869,2166
2154,1787
2178,2965
1415,3001
5137,4588
1987,1011
4047,3581
1968,4480
25,575
1157,3809
5931,4283
475,2013
3331,4945
5250,2726
3550,4474
646,4982
5769,4737
2603,2672
2809,4348
4602,4767
3214,3578
4132,432
5864,4247
2469,1509
2967,3309
522,1101
3457,1181
1170,2680
1005,3168
5574,985
2537,3731
3513,4018
2746,1835
1301,4402
5741,653
405,3167
5870,348
1000,2522
2974,2032
1850,4495
4044,1048
5057,3547
4267,3707
2391,1172
5151,4829
4524,3859
2050,3431
1076,3939
121,4033
5937,4220
1634,2507
2063,1002
4649,1221
3723,4753
1766,3584
4506,2908
2867,1548
1456,3814
4486,329
980,1539
5998,1534
3800,4476
1040,245
3180,4970
1976,2936
973,3893
2297,3148
4161,585
3270,303
3739,2615
75,2385
1165,4611
4627,3927
4325,3169
4617,619
4304,3528
5626,2577
860,3989
2200,2728
548,3932
1966,3463
5797,146
1396,4321
1237,3034
537,2115
1929,862
4420,520
3084,419
5423,4371
2262,3825
4028,293
5388,309
2767,1275
1640,1968
1047,1053
3407,2466
1927,4674
5903,702
628,2718
2887,4945
4165,3282
2399,150
3646,1915
797,1921
3989,4364
2750,1104
2160,2476
4032,2430
3421,4770
3418,692
4591,333
4443,1104
4193,1454
2380,3302
2652,3394
5964,3282
3186,4865
3294,1288
3960,1379
1344,3172
1539,1977
2997,424
1439,980
14,745
848,1422
2238,3791
5508,2959
344,2726
2273,1032
2598,3679
3042,3106
2002,724
5341,166
3258,2876
3634,2096
1873,4570
1481,3384
1225,1378
4737,664
4385,1472
1822,3930
2339,4312
5917,4382
4662,3237
5193,3016
4514,3337
5791,4746
1773,2162
4408,1518
3393,2472
3470,606
5102,3207
1750,2005
4264,2359
3863,1359
1906,4852
5662,4644
3738,1108
248,555
4607,4144
3513,3795
3094,1497
4553,3628
2467,2375
1096,3718
5638,2579
4031,4872
2845,1342
1139,2436
2821,5000
2347,3379
3269,2200
2046,3715
307,3659
5397,1717
5081,342
1690,3825
2623,1293
3427,2928
4737,2858
5317,2884
4329,2404
3412,4325
283,1897
767,1349
1359,2677
5241,146
2850,4612
4590,1571
4207,1546
4503,342
2094,4455
2763,4828
2805,2849
1967,586
60,595
2954,115
5117,4913
4589,2875
3538,357
4243,3658
898,4042
808,3160
5075,1206
1921,1275
345,3810
903,3063
608,720
4707,139
1556,1763
2752,3533
2430,2353
5182,107
959,2250
2114,4182
3503,226
4105,3101
1571,62
4020,1522
1767,4630
5247,3528
2236,1036
5,4126
1764,2283
3980,1995
1524,3712
360,3390
5670,3584
5759,2964
279,4243
2135,3902
5000,1686
4686,3246
1533,4534
4941,1417
5895,1684
4613,2966
3013,4638
698,3636
1195,972
4157,149
2052,4332
4729,2837
1500,4781
1485,332
413,4246
1231,1221
2154,2901
155,1987
1204,2222
2224,1429
1148,3683
5100,2901
4522,1094
4516,268
4748,1073
2143,461
1127,738
2619,1621
3342,1698
714,1034
2844,4972
1087,1686
4369,2687
2132,2176
5233,4840
2162,4973
1324,52
125,454
4970,2871
2615,3134
182,4642
4479,1620
4381,4854
4383,3201
1100,2850
710,2642
1942,1684
3669,4851
956,956
417,3294
2607,109
5543,149
4043,2243
409,4149
3430,3371
1511,1054
4758,4952
71,2380
4978,2783
1674,1360
5828,1553
714,4891
2330,4129
1498,4667
59,2308
5548,4627
90,4120
5742,1904
5242,3066
1896,4179
4210,218
5426,3702
5784,1225
3370,2773
4661,1341
3390,581
3550,3598
4013,3808
4865,4942
240,2978
4053,3793
2778,3332
4820,2710
5042,4465
1841,4132
2979,907
675,400
5000,3060
2464,3871
2743,403
5713,4011
1355,2276
74,886
4568,460
3849,1919
2320,2126
3558,4598
4327,3421
5504,2423
3911,3562
1,2875
1430,1802
1451,3480
5744,1570
5161,3408
2676,1387
4113,1604
3867,4450
5088,4109
5846,1305
746,675
1863,2945
2772,2754
5529,925
2972,1554
3399,730
2475,3458
3925,2741
2775,2993
5028,4732
2528,2385
2538,4042
5302,3008
4004,4715
3749,2541
351,3750
5605,1054
5830,2840
3369,1926
4673,1943
2830,3908
3766,4029
3190,1055
1359,3769
4965,2600
1999,670
1075,360
2100,479
4058,4716
1926,3846
3506,3227
947,4442
4197,4033
4872,4553
2520,1456
3815,265
2145,3817
4116,3947
2693,1884
407,4794
5892,4748
5197,928
217,1558
3788,1561
4062,1761
3613,548
5998,30
2099,366
4601,2058
3001,3582
3931,62
2478,3916
3763,4073
2013,2767
2092,584
5676,290
5099,2615
3451,1436
5210,4755
134,2198
3475,4440
2955,3992
3151,2541
4202,4186
940,4817
5713,4069
5685,1034
1272,4491
4124,2368
3612,3302
2488,3648
221,3279
562,20
277,1039
5421,208
5455,1853
4863,150
4552,4629
2184,3529
2895,398
325,2715
3662,788
5625,4593
498,1597
3054,1678
4127,892
875,3376
1878,3103
3022,3367
5713,3160
590,2047
5905,889
1479,4427
3822,1257
2131,4749
1135,2331
621,2578
5188,925
4674,1639
5735,2482
3421,1286
1809,4208
2266,2105
2267,4459
3827,1801
4968,1871
419,1212
3970,3232
1749,4281
256,1903
1542,4431
94,1209
5161,263
49,3040
4533,1559
2595,933
2238,962
5944,4708
1841,532
2831,2049
2504,3310
1151,547
4216,540
958,3074
4910,2417
539,4394
1269,683
629,614
4628,2922
4733,1940
5828,2878
3973,2803
1792,1468
1247,657
5207,122
2609,2620
5204,1345
3783,1466
4441,4044
2326,3989
3843,3576
5519,895
5541,2405
424,1135
4789,3171
4091,1433
913,4475
4714,666
2949,1017
3835,4846
1459,1721
3054,3144
5283,4781
2111,4870
4472,2844
2872,4491
4982,4689
5874,4781
1196,3262
3862,2078
5208,3169
5880,3889
5605,935
5496,2619
1081,676
4213,4465
2896,3657
4561,3731
3094,4515
1299,4205
3233,535
747,3729
1644,4224
4049,631
3604,4599
824,1153
3869,3505
4869,234
4824,1922
1362,4444
2264,3299
5531,2699
5964,1799
5984,572
609,250
470,3876
1230,4529
2974,44
3488,4188
1679,1929
297,1447
5603,1505
3684,3746
3913,1027
4624,3910
2649,1181
3604,4174
453,21
1501,57
1544,2516
5468,3185
3380,4824
3646,4631
2813,4700
466,1485
2268,4797
5856,2639
3990,3979
569,1628
5094,1696
1724,3681
1115,4391
5337,246
2357,2363
5788,1580
825,1385
3520,2573
3706,4676
3672,726
1494,2796
4925,742
5189,2151
3497,3580
3384,2595
4137,4260
3204,4628
481,1843
4539,1796
4028,4912
350,4075
2851,2960
5898,1256
3263,2140
511,3758
4063,2505
4071,1680
445,45
5507,3504
993,2958
1757,4199
3865,1487
3307,279
2063,2894
752,2336
4616,3363
3415,4052
4975,4286
5178,4265
2831,2306
3029,601
4193,2140
5760,2370
5046,1439
1718,506
1623,2474
2500,951
5097,1989
854,4935
4838,2161
709,4458
519,2018
1642,1474
4687,3046
2606,4929
2383,586
664,3030
3655,3769
3701,494
835,1223
3012,3435
496,411
5375,2513
821,1568
3655,3390
4637,1300
866,1128
170,3725
3682,843
716,1628
2384,776
1072,4660
3164,4125
3293,1377
1035,2450
3700,1048
1201,3679
2389,1283
151,3096
4491,4192
4209,3850
5511,2085
2933,4049
1452,933
4633,376
2723,3676
3468,3621
4661,2572
1078,644
3532,4856
2545,4849
436,4727
1184,2728
3783,4055
2382,397
123,3836
3730,3425
5880,1686
4367,3879
671,4776
5801,2794
1644,4235
5930,3490
1992,4534
2390,4342
2180,4610
741,3953
3227,2562
4361,1643
5907,28
4559,3398
5362,2455
2658,1961
4388,2434
3035,4918
1375,3790
4794,1077
4787,1174
5194,762
711,1278
4803,4242
2586,4278
1264,4497
595,448
3520,2540
1627,4615
5214,2620
3229,3482
5382,18
5143,4090
4485,2816
1429,839
1082,3871
1552,2794
2041,2889
2890,4710
2874,3879
1264,193
3500,4047
3879,629
5695,2015
2220,259
3271,2709
1411,1038
4510,3850
5631,1992
3925,4549
886,314
2364,3537
559,2199
2802,996
1793,571
3328,562
1987,300
564,4406
4654,3506
3089,1673
3772,1128
1275,1943
2457,1963
4169,4066
5414,243
5732,1195
347,3895
4244,2015
4948,4739
1362,4935
14,88
4159,1547
3932,2260
5149,263
2704,2145
3567,2419
5764,3672
2456,3210
5003,2004
4931,1550
369,1600
3997,2926
5694,1834
4460,1870
4474,4040
798,3551
1693,1822
5785,4570
291,2952
293,2557
2358,4249
1734,3041
326,640
5907,1433
4029,3305
2895,4381
3925,912
2868,4329
2474,4906
5493,4795
2459,1216
1812,531
1597,3974
837,2111
1907,4353
5854,3423
1741,2017
1943,1335
824,1081
367,4069
1476,229
2990,489
4146,4587
3598,1028
774,165
237,3877
1149,4741
5162,3365
4187,2850
4762,737
3688,1914
2989,4345
2152,4480
2272,228
4650,1397
5165,766
4930,1947
240,2339
5943,2348
3297,1525
4066,3631
4131,1489
5486,3418
2405,832
1629,4924
2116,1833
469,3792
567,4987
1195,4311
3481,3087
5541,853
2518,1155
4903,4853
442,1558
2949,2062
1040,3005
5458,1895
5899,1930
3029,2954
2469,3300
5546,525
2814,3286
5608,3648
5425,3447
405,615
5299,4757
1766,1378
3564,2115
5998,1128
4137,2751
3805,1889
2727,4563
3250,357
2339,1598
1781,2012
1604,2511
2435,631
2484,182
4748,4427
1989,4519
2612,2264
5693,3139
5557,3996
1019,3868
2551,1097
1859,4350
5413,3419
1130,785
535,3931
1051,942
1254,689
1380,1314
5128,4030
615,4572
5,671
5296,4460
1352,809
879,719
4184,3969
4663,1152
4577,1452
5143,792
721,2836
1838,2520
4517,1379
5945,2411
5957,617
4206,2426
2227,1838
748,3956
4465,3182
2994,1792
563,4537
935,2585
4843,1700
2843,4357
3002,2505
5413,820
1065,1189
4777,2361
1259,1992
3756,4434
335,835
1448,3798
4441,1216
1628,1774
1419,1226
2908,4674
864,2509
5068,1076
2805,2553
5850,177
4164,2785
2461,4534
4253,4331
1886,4055
3909,3007
2743,3988
1818,1508
3481,3987
5462,2397
5745,1998
2628,2684
4840,1561
1480,1256
1025,1535
5591,1642
2277,3054
1311,1522
2314,3966
279,1741
4035,3293
965,809
1321,4162
2180,4350
5581,4985
3829,4930
2702,3326
2006,1235
4921,4046
1611,515
4312,4556
3484,1508
5898,563
4688,4239
5781,4755
2010,4321
5404,2598
5986,2846
2043,1968
3169,3070
118,2565
4534,4157
28,552
921,384
1886,3671
4951,4823
416,491
3821,3521
3747,1051
940,1265
39,2035
676,2449
1685,2678
3785,3665
2070,3496
1896,1639
4972,1891
313,3143
655,1478
960,1446
5994,284
1445,1782
585,3985
1458,793
5623,3781
454,284
5783,2247
4315,183
2526,4861
2927,1633
4895,490
3841,500
1438,1368
5206,856
4178,2260
2407,2051
1222,2428
1128,4043
2232,3501
1209,4664
3153,3525
1208,3775
3518,3160
4342,4923
3261,1416
2148,1000
102,4778
4446,443
1925,4746
3168,2985
3383,3867
1146,1222
2771,3074
137,3926
374,4582
455,2797
5439,2042
5011,3326
1215,4677
5984,2644
5226,524
1626,3896
1422,802
4794,1857
3259,240
2287,4145
5738,1630
236,2222
5665,2049
893,1511
4124,3371
5229,1081
977,2429
3582,1645
5799,2927
5126,4679
2250,854
264,343
4323,941
637,1856
1443,2062
2485,1342
3903,4205
4496,4259
5701,3259
2493,3734
4183,892
3365,972
3506,432
4498,1005
5691,3402
4006,4499
5439,3436
1809,1321
5941,3847
5927,1051
1023,3531
5660,3934
5727,693
4746,4999
4975,4349
1654,4445
3215,2842
4880,1180
2907,4014
577,3069
4781,2030
5686,859
715,2227
1067,1436
5088,3573
4153,463
3523,206
1872,743
4474,3307
301,2174
3849,433
1000,3744
1943,3430
5231,520
4220,4100
3535,3720
3402,1122
1731,2136
1141,2203
5866,2265
3214,422
5377,1192
4590,1873
3436,4116
5138,535
2866,2283
2285,1832
5495,3267
2017,4648
4085,4651
1852,1723
4003,260
4339,2885
5063,1561
5350,1931
1273,710
3567,4156
473,496
3316,408
318,4929
4679,3754
2001,2204
3405,294
5197,1006
3190,2514
4124,3297
2885,1231
3720,171
5544,3134
4376,3092
2496,3878
2372,3180
669,639
3668,1188
1079,3640
1349,1236
4331,3123
4513,3366
2424,181
1979,2851
5849,1773
3871,3503
5095,2168
4693,2937
585,147
2291,350
3661,1989
5210,1470
651,2067
2079,325
1725,1806
622,3775
3173,595
717,2352
3641,1707
1557,39
3990,2637
1018,142
4830,1053
4373,714
5418,3345
2964,514
4491,3320
4565,641
4204,3783
4554,1167
3687,3700
3715,4664
3971,1492
2067,1377
1855,581
4579,3103
5518,3035
679,3398
1805,4153
1622,4526
518,456
1258,4954
3470,2532
1525,407
1324,4243
4923,4593
1695,1275
4939,1334
5194,1458
1874,502
2984,3999
5832,2414
2476,1749
1186,4155
2194,2885
4236,1108
1770,4237
5984,2220
3912,4063
5135,463
3838,2402
5363,219
5036,1722
988,1512
1881,1466
2905,1202
913,1222
1519,3148
2151,2176
652,1173
3222,318
1103,166
3299,170
2836,4490
2507,3686
5319,3250
4309,3511
5632,1058
4290,959
5047,2950
3434,2954
2554,4493
5535,590
5658,875
4058,2038
3744,522
5960,4905
4886,4492
1109,3864
315,1225
4889,505
2019,1780
3293,30
2390,3990
3826,4890
5321,254
5862,3290
92,931
5295,3801
3391,2321
1353,4838
4166,1822
5795,4410
365,1797
4073,1075
1922,2223
3631,2766
5897,2833
3064,735
5437,3169
1885,2398
5704,3641
2459,265
365,2408
624,436
5787,379
3626,3852
1457,1151
1843,1254
2459,1114
3684,1164
3649,3631
5276,3722
4130,3263
4010,630
1132,520
4871,2633
2164,1797
21,1519
2636,1198
2453,3666
2013,478
4181,639
5861,4545
4525,3863
3375,2900
4662,348
1369,4788
3907,2747
2240,4232
2599,1675
1693,3689
533,3794
2782,1951
1901,2928
639,4293
3270,3838
1085,1988
445,1030
5821,1176
1676,3091
4415,4310
117,3834
2014,3322
1217,1606
102,4235
4740,2783
4461,3324
27,3624
2041,2994
5911,1479
929,507
4490,3840
4441,1961
1312,1137
4358,4229
205,4229
1422,3224
2793,2441
5560,3312
323,2404
5911,1324
4136,2794
3848,4911
5855,3235
97,449
1670,976
4565,4728
838,2697
5039,2082
3419,4820
4728,1991
1098,1847
785,2122
4739,908
5477,799
2391,2143
4862,2303
5755,4444
5983,659
2371,2074
4394,4069
3834,4901
759,2126
2459,990
2848,4749
2811,1995
3870,3647
5013,298
5137,1365
1922,14
5729,1971
5696,1222
1194,1551
3845,2355
2543,3394
1180,2861
3272,819
4001,1870
1501,1997
5620,718
5564,488
5898,610
3150,2731
4645,116
610,4619
4042,323
4923,2545
1059,2305
2243,4813
37,3953
341,4636
1924,696
2502,58
3107,1991
4753,3052
3408,540
166,321
5219,2103
5925,1380
672,3844
3813,360
3017,271
4225,1857
1885,2014
2764,633
2075,2969
2483,3020
1306,271
898,1319
1182,4936
4085,3548
3967,717
3754,2115
5318,2164
1260,2689
2248,2343
906,3950
1467,2182
1330,4458
5253,4143
976,2095
1077,2389
5889,4949
1222,4852
2909,913
5032,559
5569,1063
3362,3479
5056,3121
5694,3561
4202,62
2679,2784
2976,2751
1227,2954
4880,2987
736,4117
1540,2462
5123,4471
95,1165
1054,2025
3349,1297
570,2414
5893,1139
3167,2908
4559,2823
3805,4117
2477,2351
3264,3133
5056,472
2941,3160
3571,640
1812,4811
2844,1601
5602,1641
745,246
2150,4130
4914,3005
5188,1652
2672,4314
3118,2729
2159,4993
824,1486
1772,1001
1859,1790
579,871
1079,3109
4287,4877
1900,1864
1731,3026
3161,2863
5280,4370
777,3227
4537,1468
3953,2875
1864,1778
3154,4655
802,139
623,2786
5348,445
3913,4559
4579,3744
4332,4857
2303,4391
4208,2018
4716,3847
11,229
3511,2810
4059,2354
596,4000
5537,2562
3282,3064
5159,4065
1255,2296
1425,4346
5828,2863
1922,482
3520,3055
3219,2930
3057,2256
2739,2923
323,4165
335,1164
2615,4520
4991,3178
5228,2980
4900,2732
2773,4275
4091,3389
2851,2069
3731,1874
214,3211
2993,4066
4016,2821
421,3892
2033,2812
1766,996
4052,1273
1259,2428
2583,1999
78,3650
4204,915
4051,1475
430,2471
1216,3057
5395,2122
3272,4803
3017,3705
4372,4880
3919,767
2453,4260
4856,1599
126,463
5432,115
1179,595
2193,146
1764,1837
2846,3344
2860,1361
249,856
3200,3546
5445,4730
2176,3470
5536,1081
1721,822
1545,1065
736,4352
5906,2708
62,2616
2698,4875
1006,4259
4009,3952
3625,382
83,4025
5964,3676
4233,4081
1917,2041
5310,4906
492,3653
2216,539
3862,2361
4710,3352
5728,638
2240,3415
5180,312
3394,1229
3511,2371
4207,819
612,3418
4780,2046
1516,1148
4606,2304
127,4967
5806,1883
3568,4493
1555,3958
579,3476
3130,2084
3330,4570
3333,1378
1463,2819
2465,1160
578,2302
942,4495
451,3478
1929,3173
3470,4038
250,1979
1402,3783
5017,1803
1600,1703
3954,3714
3001,3641
1831,1479
4264,214
3787,3763
366,4069
2975,453
5751,3071
2855,2144
5248,1724
2104,1562
3903,1507
5239,4734
2798,1842
3510,4630
773,2505
3227,2647
3811,3184
4383,4325
2177,1575
4433,130
421,3973
5505,4325
2091,1764
4749,3267
5186,4471
3804,4449
4889,1313
4927,722
795,2690
557,605
4198,4105
5157,4175
930,1313
1146,1881
3341,4750
4873,1366
3946,840
3941,2074
2211,2651
527,3783
5187,703
5509,1671
1855,879
2654,415
4930,4161
3345,3435
150,311
5696,2958
2686,798
1076,148
4309,1674
5454,2722
3592,3439
767,2048
4824,576
945,1759
4168,2417
699,4057
2661,1983
2718,1475
3058,2035
2833,3667
1299,905
421,4404
5916,3939
1732,4251
2121,3159
4232,1292
1017,4396
338,2097
632,3016
2668,3727
73,4869
5932,223
4028,1636
4085,2902
4706,1326
3123,716
5187,325
1119,602
4766,1127
576,1106
3657,3519
2974,2753
4209,2913
3974,4168
1978,4984
1254,2027
3953,4415
5077,77
5203,2705
2062,2710
4325,2591
4919,4363
4944,1154
4550,4054
1488,3988
922,2758
3491,3912
522,1709
1029,1104
344,899
1000,318
2419,3352
396,3694
576,2053
1971,1336
12,2669
3311,417
2415,376
4776,788
275,2163
2914,691
591,4068
1836,2079
2886,2960
3156,2315
1342,2297
2357,4514
5214,3567
235,3449
1378,1914
913,1826
3750,2804
2611,753
3611,1774
2224,2690
5487,4046
1500,1248
2442,1073
4728,1156
2490,3498
3566,4818
242,3733
4942,3967
4202,932
2752,558
4561,4655
4787,4356
5989,2100
2300,2286
2956,1108
5839,3871
3751,1116
2996,3861
1397,703
5660,162
2862,3076
4704,4054
1283,3789
1462,4856
4985,4575
2860,4784
4869,800
5559,4393
5024,3877
51,519
5630,147
4316,3570
1741,372
1623,4723
2339,4203
2654,4125
3450,3390
5157,1666
1830,3585
302,3783
5302,4233
4910,765
5487,785
701,818
484,1101
877,515
3802,4411
2671,1158
1124,4890
3077,2036
4126,1866
3184,2202
2113,3625
4279,4917
2719,1032
1980,916
2891,1345
1596,4172
252,4025
1551,1939
2368,4971
291,3193
3095,4308
5681,3196
2249,3347
627,2681
3682,3596
2059,822
3811,3060
411,4934
5328,3152
2892,2157
4428,4715
3864,334
1770,226
5440,3948
3998,4829
4323,4835
5343,2862
2994,1255
5571,2866
1083,2262
5859,3609
633,4307
3468,1666
331,4670
1213,214
5380,3125
1509,4663
812,1624
1513,2554
4894,1231
4450,3560
1496,2278
3238,1691
5908,2502
5218,696
2134,1145
2085,1167
1957,2859
614,434
5104,3873
4520,4257
4390,642
2852,2281
4106,1984
5098,4110
3107,4460
3573,143
2091,2515
1541,4840
4631,265
2828,3598
5131,2968
5681,920
1510,1160
327,3674
5283,1100
1951,4707
4582,2520
1080,2918
2443,25
2761,727
4612,4132
340,2544
4179,2906
3770,2238
4367,1622
3460,4962
4754,1609
2429,3357
3496,2169
5693,2297
1988,4105
561,578
570,3612
3808,2544
1286,1617
5279,2980
4177,3195
3582,4345
3360,391
1010,926
2174,1631
4285,3928
2008,748
5647,1799
2273,1625
1409,2009
5662,4081
560,4352
2954,4163
3295,3542
1639,4790
4184,4010
4656,2939
3561,1490
190,40
5598,4260
4832,4975
281,3502
3221,3856
464,2936
931,4844
671,4228
3409,653
451,183
5465,3823
5776,3597
2439,3393
3812,551
5942,4612
3006,2673
2550,4113
1631,1752
2143,3407
5027,1675
2505,399
444,1204
4090,3646
1952,1874
372,3482
3169,1693
4446,2231
1250,4296
5706,1158
2484,1277
5101,2834
2687,4629
5586,1603
2585,2430
3042,526
1038,1900
4785,2869
3174,1218
1050,725
3486,3368
2218,2545
3849,4669
2966,3496
1929,1583
5165,634
472,4335
5925,343
234,245
4371,3851
901,424
3346,952
3565,4673
629,847
5099,874
5766,2039
3626,1097
5054,4869
2487,1904
1117,2458
4208,515
209,936
3071,941
3041,2302
2234,124
4964,881
5236,1278
2551,476
2917,2872
463,3379
3929,2792
2203,4567
264,2863
3176,2829
5284,666
5346,4541
4539,2741
5373,2457
4192,1749
2965,4303
1259,1131
5092,1618
4348,4912
1144,316
817,4000
404,865
1204,4986
861,1765
193,3497
348,2648
1738,1083
5934,1401
2804,1225
807,3113
4118,1560
5420,805
429,4824
3533,3960
4134,4681
5576,912
840,1531
2321,4938
5969,2676
3654,2910
1017,3564
4801,4636
39,2181
2309,996
1094,939
4467,2976
280,3063
608,1700
4816,3865
1987,4609
3698,1821
5857,3359
2473,1599
5757,4999
2572,1818
2419,3224
5650,3213
1386,1291
3933,4300
766,1500
5162,2228
5100,4226
5721,779
3938,2957
261,4938
1228,1587
4577,4326
3658,136
4335,4611
5274,1978
5825,4275
5344,1108
5520,1276
2306,3500
409,3311
3588,1688
5269,1270
111,2797
845,2902
243,3939
4408,1853
699,1269
2819,4193
3746,1320
1222,3944
2255,319
5544,4197
1990,4858
1889,1888
5114,3211
5740,1987
2156,25
1749,933
5145,4297
5859,179
3341,1417
3865,3715
5067,1374
2530,143
5418,201
3186,1313
2846,2612
4783,1283
1981,1027
1325,2805
5104,374
4068,4588
228,4446
2567,739
3885,3495
3852,992
4895,1733
5301,3534
2037,3200
5979,681
3263,2713
1130,3100
235,1467
4619,805
4033,4938
898,4427
953,4456
3848,3142
1092,3993
1381,411
3748,2302
3107,937
3206,3765
586,1092
1098,3605
5286,859
82,221
3338,4553
4052,28
2207,2245
46,1089
3200,1448
5597,1266
1498,62
5644,4648
3897,1803
1971,283
1003,2667
2078,3983
5401,4935
366,737
1878,2437
4704,4513
5660,4763
2415,1429
1811,3438
5813,2741
113,3008
2142,2727
1961,3568
4674,3059
2122,2098
2347,1758
1667,2881
1912,3261
2053,178
1742,4089
1803,3198
2533,1361
4687,2812
493,1002
5683,1502
289,1140
269,2859
5075,3363
4236,1790
806,2629
4206,4044
1906,4961
4157,1974
5178,103
3335,1091
4811,4497
3623,3919
626,4438
4154,1347
5279,494
4324,3990
4604,1529
1218,179
4316,415
5796,264
2384,4779
186,1293
3161,2090
3468,1527
5192,4307
3442,4449
3023,2874
4231,1792
4975,3193
2289,2622
5093,4162
5624,1357
2925,476
1078,1527
782,4852
6000,1885
1668,684
2754,1258
1064,3650
950,1271
4112,4206
1326,1928
3997,262
1195,3549
1197,1347
2681,1808
1675,4337
5733,3672
1271,3879
4478,1067
1737,1798
3231,193
1663,4653
3528,4427
4640,1263
5077,912
5742,323
720,3368
554,281
5388,2274
1843,3258
1942,3847
5145,3811
1239,1175
4355,4235
155,2439
5884,3224
3374,2498
4941,2356
1934,1732
5054,1106
878,2400
3325,3708
1215,346
2115,4945
477,1562
473,4619
2976,4956
61,1809
3353,4186
5610,2462
103,534
3143,501
4271,3942
1424,1016
4717,4156
2154,275
1472,3442
3990,3015
1657,2024
1443,1559
1558,1113
5707,3514
2890,48
830,588
785,3220
4247,856
2856,4070
1412,4573
519,1843
5840,4575
3335,1276
2324,1363
4360,2865
3914,2717
3847,3457
3437,3601
1361,2485
1243,416
2939,4432
2511,3144
1697,914
3169,1497
2452,1021
697,787
933,2751
249,4877
1821,4736
858,830
1354,633
880,1847
5512,1888
3189,4042
5615,2205
2623,959
4473,4965
4932,3483
4049,3328
4822,2359
4829,509
4685,3015
5442,1327
3728,3039
5565,4392
2324,2256
284,3143
3642,1696
4844,3128
3685,3039
3123,4316
4916,4504
77,1405
1592,3538
590,4731
1907,746
581,143
1178,3167
1577,3669
551,2455
2816,2471
3727,2009
4987,1569
5403,1802
1597,2632
1437,4740
1194,987
1792,2568
822,2724
5880,214
3848,4126
21,1390
552,4169
2104,1969
693,1546
439,4637
3251,3187
4677,1554
2615,3342
3907,2374
4930,1149
867,3130
458,1515
3740,2642
2020,2699
2906,1444
3715,3842
514,3103
1556,1420
4524,128
1380,1311
3131,970
266,1597
3972,878
706,723
3619,3346
2450,762
4379,2550
5577,3713
4577,1330
1893,4349
2693,4263
1306,4452
3996,1680
4200,2978
600,4138
5122,4718
974,4310
1575,392
353,1807
2547,131
1691,2428
54,2618
929,4042
73,279
1699,4432
4802,78
4255,945
1115,1797
3868,3389
1747,883
1138,4564
1210,3572
1437,1528
5449,1166
5986,636
5089,3610
4842,2296
4640,37
1865,3065
1147,4421
457,4581
1553,3360
2449,1433
1965,2758
5855,2927
3814,3018
3272,2686
4901,4512
897,1419
390,3999
4108,2142
4534,2106
3798,2849
4548,196
5972,2557
2566,4246
386,4908
743,3067
2057,2381
5252,4799
5662,2566
1948,2718
992,2356
668,4531
2506,1944
4,2094
5990,2368
5214,4854
895,2722
3632,604
2164,2345
1446,486
603,2115
3909,735
1093,939
100,63
613,4180
2653,2078
843,4875
4254,3625
2107,1039
3914,405
377,4568
349,957
4298,972
5351,3209
5859,4056
3716,2422
3659,776
3775,914
41,4828
2347,3351
5590,2849
1505,1821
1515,4517
3519,2494
1540,2373
4326,4850
4688,4536
1546,3096
2571,3129
5607,3491
1028,1369
3182,3927
3697,2457
1063,1292
4834,1592
2940,4268
843,909
4935,2441
4459,2631
1318,4964
2804,1287
5043,2549
544,1574
811,4744
3076,2590
5369,277
2844,1557
5217,2945
2708,676
3103,4208
3702,518
824,2986
5652,2560
2287,2902
3212,1885
5748,905
2541,724
728,3359
3443,1123
1171,2368
2970,3738
184,3406
5605,3397
5608,2354
1355,3866
459,1174
455,4790
2159,4133
4845,1646
3835,3623
2010,2496
3649,4783
2297,1326
539,476
4232,2576
986,3380
3554,2654
5025,3064
1201,3764
2527,3213
688,4114
3030,3877
3259,4795
1893,2867
726,3030
663,2119
5736,1630
91,335
1244,1924
5521,2975
3699,1800
125,178
62,1667
235,3596
4505,4712
3812,4480
5597,2616
3888,1525
3573,626
5330,3605
3619,1360
3957,639
4700,3989
5248,2163
1493,2395
835,3821
3986,3670
1497,2129
48,1524
2181,642
3068,209
1328,1376
5960,4502
793,834
3110,1240
4329,2080
4177,762
4737,135
229,4075
10,3790
5438,1253
1567,2554
782,4568
265,2068
3500,4893
5082,2712
2596,2546
3602,4009
5864,2509
5938,1713
3270,4435
4219,113
2684,4339
4168,4792
3115,982
3007,1549
3742,1660
2379,4804
346,412
2747,3079
5976,4263
1087,2871
1795,3236
4755,4916
967,1960
1204,774
4939,4670
5603,2542
1511,4284
5886,4101
2896,109
2264,1028
4333,3163
1257,1083
2402,4421
651,1998
4673,774
5144,4827
4426,4766
4010,4188
5744,4434
1843,1213
3426,3533
4442,2504
3331,3491
3434,3907
5848,4205
2988,2337
638,2136
1702,3654
2429,3675
2292,1639
2693,2114
2380,1347
5747,1117
1332,4141
3957,1188
4835,4266
3739,1448
2976,1586
5772,2028
4734,2350
5132,1067
5326,4910
4750,4332
3182,1665
5304,3524
2899,2310
1219,4487
5223,1102
2783,4100
4612,473
3158,2141
1718,4216
3555,570
5473,3559
175,2364
3596,3283
4924,2377
1641,2744
2811,1760
2821,4803
312,181
1438,1149
3323,939
3533,3758
5412,1718
3596,1675
5418,1686
3570,1788
2832,2848
4373,3824
1481,3278
727,3746
5767,711
1547,114
5695,909
748,3780
5712,2274
5915,1857
5440,3403
1458,554
4257,3226
3192,2517
3089,1831
970,4908
5677,2141
4590,1809
862,4922
5429,4691
4209,170
3937,4546
1495,1469
1926,3945
849,4010
103,2906
3068,4937
2736,774
3509,600
5995,2753
3952,1739
5367,4645
796,4935
5610,4338
4762,1920
3005,3345
933,2512
5766,4613
1153,418
1122,3598
2071,4504
3207,4453
1584,1757
3714,1211
3957,440
4516,1084
63,710
5550,992
4484,3776
2383,4107
4623,1112
1748,3804
3539,375
5886,480
1117,650
182,4602
253,2382
528,2956
1742,4140
2798,156
4524,4014
9,4317
4761,4706
2368,992
4816,4377
2205,4811
5074,3684
5643,4470
4811,1414
3792,4194
1442,4191
2115,1517
2747,2211
2668,1197
5620,3301
1150,1024
3996,3659
3708,3312
2294,4030
1272,3993
3687,595
5407,3022
3481,2625
1968,2547
1175,1838
489,389
5797,4498
1255,3775
782,4534
4883,3687
3571,903
71,158
3730,591
5311,2065
1259,22
459,4466
4610,420
5179,3349
5329,4710
2074,3386
742,1786
5763,4644
1599,1272
3648,4447
4271,2042
532,3704
1726,4575
869,4900
5941,4474
2670,1620
480,1602
4529,3425
4729,4633
3535,4487
556,3725
3289,4284
4259,47
5350,71
1341,3492
3366,1578
2214,574
5981,1136
837,5000
5561,1937
2844,4665
4993,2877
5368,4633
1784,2422
3656,3789
846,1006
3864,2776
417,4025
29,1189
2883,4012
2706,4168
5436,1199
5128,1443
5307,4404
5597,3117
2438,2713
4335,4091
4299,1133
2133,3901
1902,4104
5336,3342
1251,4430
4710,979
4890,2940
3373,3399
4562,3180
764,1023
3637,4938
4883,3666
3864,4084
1276,4381
4797,2856
32,1114
3326,1067
5000,2141
4990,2306
3579,3940
5193,3494
630,4837
3679,3580
866,876
3714,1343
2430,3881
1587,2213
5147,4647
1025,435
3072,819
2357,4930
647,4110
1380,418
3753,453
5032,2972
4618,4071
860,3923
60,4048
2926,1374
5229,3823
3665,3325
1408,3112
1755,692
1259,2765
4953,3048
4161,3546
307,3554
4949,1747
3193,4927
915,901
1520,4150
5193,3192
4916,2689
5685,3592
2267,2209
1577,3147
2968,1024
2262,3420
1539,2848
1800,2449
438,1292
1949,4103
2749,100
18,2286
5486,2664
4678,3607
271,2698
2443,2767
84,1251
1780,707
5323,1774
389,1740
4153,1374
3000,884
5309,2979
5751,2738
5077,1708
3839,3153
3542,1013
71,2879
1325,2573
347,1058
4097,2183
5583,1297
1689,3349
3478,4909
4520,4450
733,2613
3100,1621
12,2558
4339,4157
1554,237
4189,1607
1732,1323
4177,995
631,1194
125,3209
5131,2748
2466,2992
3661,1088
2897,381
5330,2066
1105,4828
1522,1918
5674,1371
2542,1288
4999,4950
3077,2600
1411,194
5975,3806
638,1615
2083,234
3865,2582
4108,400
5971,239
3798,1297
2117,2478
1611,2765
5946,3590
2328,4700
2903,2706
1041,2376
158,1181
1377,2338
3448,2091
5051,1973
2805,4607
677,1685
3212,4251
5358,3944
3353,869
4898,2913
5154,3325
270,3057
2077,351
3358,2347
173,893
476,2256
4653,487
1044,4281
5985,3309
4400,1351
4060,4405
289,89
4137,447
2250,1884
1370,2365
210,491
628,3755
3066,4485
4013,1548
5803,2563
1202,2663
484,1150
3069,2422
381,1001
3914,3618
4554,1806
3733,3937
1640,2467
5617,2013
2386,688
4255,351
4375,835
3523,1824
1212,2328
2882,2178
874,3821
4072,865
2415,2953
5025,3516
3597,1642
1403,15
3301,3134
191,2778
3624,2308
1145,2908
4532,3098
5126,2508
3673,3911
1564,1462
5897,1367
1785,780
3898,958
2881,4642
3199,295
4426,3799
2743,3622
5950,2280
2529,4325
2841,3044
2300,2555
3371,2332
1052,3838
2591,1908
2471,1547
3388,4798
3316,1279
2897,2392
5347,920
1747,989
5045,846
1839,3298
3249,4026
2901,3449
4784,1225
357,4841
1889,2963
5498,2028
2652,4847
783,1201
2875,1952
1189,904
2885,445
3484,3921
5665,2407
4060,3534
5492,741
3107,3921
4262,4501
4410,3296
5658,2559
1366,867
51,2644
3638,4812
2801,994
4995,4044
1602,2901
4363,720
5132,797
3071,1388
4532,4636
746,4717
5103,2853
4498,386
3008,3264
3863,613
447,4839
748,1600
4196,1990
2630,4414
5860,4728
1068,1618
5605,636
2354,2709
4164,4218
4957,4943
3742,3381
1338,925
1830,1736
4418,2688
1815,2605
4873,4751
2134,859
5584,166
2084,2634
2930,3149
222,343
2304,3595
1107,4705
1149,4476
1330,2261
5174,2927
1825,3360
2718,57
742,4957
5556,3340
5869,1029
5954,4746
1978,929
4913,2279
74,4362
2037,2018
522,572
4637,130
157,800
1698,1814
3564,1876
1657,2173
2529,4340
3104,2747
869,13
66,4256
3691,2692
5092,3193
2898,249
5936,3122
2826,4271
2923,339
4801,1355
3235,1658
4089,4416
4538,4754
2316,2987
1971,108
2800,2637
4160,4751
3980,3845
2152,4247
5076,1505
4447,791
2898,826
5941,4839
1037,263
4792,2921
4629,2478
4916,4767
2696,890
3451,3009
2574,1601
4160,1974
222,1406
2194,2980
3109,1627
3356,1221
2280,999
881,3769
4988,2152
2460,2680
2529,1938
5696,1092
4514,4019
185,2701
2865,2287
111,3226
2886,2912
2048,938
5508,4169
239,632
4972,1535
4531,3505
1047,1001
5273,981
5625,4333
1130,1022
3082,4699
1104,999
5876,3469
2352,198
3944,1215
5536,2104
5792,4550
1735,3429
5480,1660
1126,3046
251,4282
3388,4787
4119,1066
4781,755
212,3696
1069,1
269,31
1788,3801
1124,3984
4337,4937
5684,4276
4122,4991
2694,1030
5765,1439
1739,1099
725,2086
4796,4976
5961,1920
5413,3958
2427,4619
2,4567
833,4963
3194,1891
4920,1022
2842,764
896,88
5529,932
3854,4183
672,1678
463,4705
1542,4898
5908,2811
4248,3778
2333,4124
1976,1943
5613,2501
4770,4082
1475,3005
3609,4350
2070,2943
1904,4229
5381,910
2455,4097
1004,3211
4245,278
2871,804
5421,4070
2102,2632
945,1050
1344,2222
2034,2734
1239,576
257,3362
2066,288
33,3793
1418,2946
4203,3430
2519,1128
2893,2036
524,2377
5024,4532
4161,523
2181,4791
3829,3493
685,2684
894,2144
1387,3058
451,2243
4857,1262
1918,343
1517,1146
899,4349
4730,2439
2760,1644
4798,418
4496,4696
4595,4012
656,3029
3844,1359
3525,3378
5299,3307
2440,1288
4518,3864
861,1613
305,4310
4289,875
2365,3857
3269,1871
770,1129
857,1035
1947,2982
564,2586
3160,514
2265,3783
1163,2483
2630,1314
1901,1881
2042,421
5163,2046
558,2615
2316,3561
4761,391
2263,4762
801,4618
3481,2540
1533,1866
4132,1874
4405,4849
1983,4415
828,524
5517,874
2594,3613
609,4824
5074,2508
1402,3690
2551,1137
3416,3761
2220,2273
1939,4346
2990,4222
1055,1668
5005,2623
3218,4014
556,2902
4272,14
1919,4790
1704,1003
5867,3599
3501,2048
4172,4901
2415,1252
866,727
3969,1178
2811,2667
1553,3694
4290,201
5692,4720
4513,1996
784,3057
3093,4926
908,1915
156,3327
1545,3345
4233,2349
287,4636
4490,4752
5491,3052
3547,4796
4662,3885
4666,4101
4340,243
4172,3854
1701,2798
3793,3518
2626,1930
448,1002
1185,1857
3245,1904
3792,4851
1960,4765
8,4326
3172,765
2904,3798
4320,2008
288,4144
2881,13
5627,91
4703,4923
3985,2379
4725,499
3450,4123
4055,2887
1242,4326
2561,1152
5889,3033
4711,330
5560,2704
841,4698
2598,4647
5338,4555
5933,2066
2404,114
5433,3841
5031,4679
4534,1861
3102,2251
1392,4033
3634,4937
4432,1646
3401,1008
841,684
24,3423
4954,1087
841,2048
4886,1548
1399,2574
818,2217
3070,2734
2925,3302
2243,4030
1309,2257
5443,2721
2440,225
664,1033
2596,4970
2707,2306
5897,2339
21,703
4982,3729
3409,4593
3124,972
412,3850
1921,2092
1772,1020
1882,1786
5276,469
536,584
4692,3221
5115,229
5501,1888
2312,3316
213,1123
4697,3667
2527,2908
3941,4902
4822,4173
1692,1781
3601,2898
2662,1957
2505,2364
3995,2879
3802,623
4111,248
2898,288
2451,1641
3759,326
4959,844
5959,4071
5938,2858
4565,555
2610,170
4807,2292
3201,4705
3792,3813
1095,2259
5159,4786
5843,1597
2551,1087
3572,2917
1989,4558
3107,3248
4478,1311
5639,4203
171,309
1953,2613
1595,284
5537,4190
3958,1796
2079,2710
5182,1614
3609,2801
4099,4882
2535,3253
1229,3258
282,3651
4092,810
3061,716
1829,50
983,4878
675,404
1918,4792
5431,2724
1010,2134
1097,2398
141,404
1082,3951
5563,3636
2108,3621
540,4778
5194,3278
5259,2306
196,2631
1605,2930
5906,1793
6000,4776
4150,4094
3770,2367
3530,77
5264,2398
1868,3395
3620,574
1698,489
1727,2872
2596,2549
5286,4071
5370,4098
3707,2145
4452,4697
1136,2842
3386,1050
3504,1050
5128,928
2009,3926
4669,4811
1020,1947
1122,3760
2202,3781
1778,396
4996,318
1350,3737
4586,3837
70,2108
4723,1668
1743,2711
5340,3270
465,3790
